Country,Albania,Andorra,Armenia,Austria,Azerbaijan,Belarus,Belgium,Bermuda,Bosnia,British Virgin Islands,Bulgaria,Cayman Islands,Croatia,Cyprus,Czech Republic,Czechoslovakia,Denmark ,East Germany,Estonia,Finland,France,Georgia,Germany,Great Britain,Greece,Hungary,Iceland,Ireland,Italy,Latvia,Liechtenstein,Lithuania,Luxemburg,"Macedonia, the former Yugoslav Republic of",Malta,Moldova,Monaco,Montenegro,Netherlands,Netherlands Antilles,Norway,Poland,Portugal,Romania,San Marino,Serbia,Serbia and Montenegro,Slovakia,Slovenia,Spain,Sweden,Switzerland,Ukraine,West Germany,Yugoslavia,China,Chinese Taipei,Hong Kong,India,Iran,Israel,Japan,Kazakhstan,Kyrgyzstan,Lebanon,Mongolia,Nepal,North Korea,Pakistan,Philippines,Russia,South Korea,Soviet Union,Tajikistan,Thailand,Timor-Leste,Turkey,Uzbekistan,Algeria,Cameroon,Egypt,Ethiopia,Ghana,Kenya,Madagascar,Morocco,Senegal,South Africa,Swaziland,Togo,Zimbabwe,Australia,Fiji,New Zealand,Tonga,Argentina,Bolivia,Brazil,Chile,Colombia,Paraguay,Peru,Uruguay,Venezuela,American Samoa,Canada,Costa Rica,Dominica,Guam,Guatemala,Honduras,Jamaica,Mexico,Puerto Rico,Trinidad and Tobago ,United States,Virgin Islands
Country Shape File,Albania,Andorra,Armenia,Austria,Azerbaijan,Belarus,Belgium,Bermuda,Bosnia and Herzegovina,British Virgin Islands,Bulgaria,Cayman Islands,Croatia,Cyprus,Czech Republic,NAN,Denmark ,Germany,Estonia,Finland,France,Georgia,Germany,United Kingdom,Greece,Hungary,Iceland,Ireland,Italy,Latvia,Liechtenstein,Lithuania,Luxemburg,Macedonia,Malta,Moldova,Monaco,Montenegro,Netherlands,Netherlands,Norway,Poland,Portugal,Romania,San Marino,Serbia,NAN,Slovakia,Slovenia,Spain,Sweden,Switzerland,Ukraine,Germany,NAN,China,Taiwan,Hong Kong,India,Iran,Israel,Japan,Kazakhstan,Kyrgyzstan,Lebanon,Mongolia,Nepal,North Korea,Pakistan,Philippines,Russia,South Korea,NAN,Tajikistan,Thailand,East Timor,Turkey,Uzbekistan,Algeria,Cameroon,Egypt,Ethiopia,Ghana,Kenya,Madagascar,Morocco,Senegal,South Africa,Swaziland,Togo,Zimbabwe,Australia,Fiji,New Zealand,Tonga,Argentina,Bolivia,Brazil,Chile,Colombia,Paraguay,Peru,Uruguay,Venezuela,American Samoa,Canada,Costa Rica,Dominica,Guam,Guatemala,Honduras,Jamaica,Mexico,Puerto Rico,Trinidad and Tobago ,United States of America,Virgin Islands
Alpha-2 code,AL,AD,AM,AT,AZ,BY,BE,BM,BA,VG,BG,KY,HR,CY,CZ,CS,DK,DE,EE,FI,FR,GE,DE,GB,GR,HU,IS,IE,IT,LV,LI,LT,LU,MK,MT,MD,MC,ME,NL,AN,NO,PL,PT,RO,SM,RS,CS,SK,SI,ES,SE,CH,UA,DE,YU,CN,TW,HK,IN,IR,IL,JP,KZ,KG,LB,MN,NP,KP,PK,PH,RU,KR,SU,TJ,TH,TL,TR,UZ,DZ,CM,EG,ET,GH,KE,MG,MA,SN,ZA,SZ,TG,ZW,AU,FJ,NZ,TO,AR,BO,BR,CL,CO,PY,PE,UY,VE,AS,CA,CR,DM,GU,GT,HN,JM,MX,PR,TT,US,VI
Alpha-3 code,ALB,AND,ARM,AUT,AZE,BLR,BEL,BMU,BIH,VGB,BGR,CYM,HRV,CYP,CZE,CSK,DNK,DEU,EST,FIN,FRA,GEO,DEU,GBR,GRC,HUN,ISL,IRL,ITA,LVA,LIE,LTU,LUX,MKD,MLT,MDA,MCO,MNE,NLD,ANT,NOR,POL,PRT,ROU,SMR,SRB,SCG,SVK,SVN,ESP,SWE,CHE,UKR,DEU,YUG,CHN,TWN,HKG,IND,IRN,ISR,JPN,KAZ,KGZ,LBN,MNG,NPL,PRK,PAK,PHL,RUS,KOR,SUN,TJK,THA,TLS,TUR,UZB,DZA,CMR,EGY,ETH,GHA,KEN,MDG,MAR,SEN,ZAF,SWZ,TGO,ZWE,AUS,FJI,NZL,TON,ARG,BOL,BRA,CHL,COL,PRY,PER,URY,VEN,ASM,CAN,CRI,DMA,GUM,GTM,HND,JAM,MEX,PRI,TTO,USA,VIR
Numeric code,8,20,51,40,31,112,56,60,70,92,100,136,191,196,203,200,208,278,233,246,250,268,276,826,300,348,352,372,380,428,438,440,442,807,470,498,492,499,528,530,578,616,620,642,674,688,891,703,705,724,752,756,804,280,891,156,158,344,356,364,376,392,398,417,422,496,524,408,586,608,643,410,810,762,764,626,792,860,12,120,818,231,288,404,450,504,686,710,748,768,716,36,242,554,776,32,68,76,152,170,600,604,858,862,16,124,188,212,316,320,340,388,484,630,780,840,850
Latitude (average),41,42.5,40,47.3333,40.5,53,50.8333,32.3333,44,18.5,43,19.5,45.1667,35,49.75,49.75,56,51,59,64,46,42,51,54,39,47,65,53,42.8333,57,47.1667,56,49.75,41.8333,35.8333,47,43.7333,42,52.5,12.25,62,52,39.5,46,43.7667,44,44.8167,48.6667,46,40,62,47,49,51,44.8206,35,23.5,22.25,20,32,31.5,36,48,41,33.8333,46,28,40,30,13,60,37,55.75,39,15,-8.55,39,41,28,6,27,8,8,1,-20,32,14,-29,-26.5,8,-20,-27,-18,-41,-20,-34,-17,-10,-30,4,-23,-10,-33,8,-14.3333,60,10,15.4167,13.4667,15.5,15,18.25,23,18.25,11,38,18.3333
Longitude (average),20,1.6,45,13.3333,47.5,28,4,-64.75,18,-64.5,25,-80.5,15.5,33,15.5,15.5,10,9,26,26,2,43.5,9,-2,22,20,-18,-8,12.8333,25,9.5333,24,6.1667,22,14.5833,29,7.4,19,5.75,-68.75,10,20,-8,25,12.4167,21,20.4667,19.5,15,-4,15,8,32,9,20.4622,105,121,114.1667,77,53,34.75,138,68,75,35.8333,105,84,127,70,122,100,127.5,37.6167,71,100,125.5167,35,64,3,12,30,38,-2,38,47,-5,-14,24,31.5,1.1667,30,133,175,174,-175,-64,-65,-55,-71,-72,-58,-76,-56,-66,-170,-95,-84,-61.3333,144.7833,-90.25,-86.5,-77.5,-102,-66.5,-61,-97,-64.8333
Population (2012),3162083,78360,2969081,8462446,9297507,9464000,11142157,64806,3833916,27800,7304632,57570,4267000,1128994,10514810,15600000,5590478,16666,1339396,5414293,65696689,4511800,81889839,63227526,11280167,9943755,320137,4588798,60917978,2025473,36656,2985509,531441,2105575,418366,3559541,37579,621081,16767705,227049,5018869,38542737,10526703,21326905,31247,7223887,10830000,5410267,2058152,46217961,9516617,7997152,45593300,63250000,23720000,1350695000,23268087,7154600,1236686732,76424443,7907900,127561489,16797459,5582100,4424888,2796484,27474377,24763188,179160111,96706764,143533000,50004000,293000000,8008990,66785001,1210233,73997128,29776850,38481705,21699631,80721874,91728849,25366462,43178141,22293914,32521143,13726021,51189306.614892,1230985,6642928,13724317,22683600,874742,4433100,104941,41086927,10496285,198656019,17464814,47704427,6687361,29987800,3395253,29954782,55128,34880491,4805295,71684,15082831,162810,7935846,2712100,120847477,3667084,1337439,313914040,105275
GDP,12648095824.4086,3712000000,9950522732.78837,394707863203.908,66604589419.4634,63267017440.3121,483261763949.601,5473536000,17465958605.6645,839700000,50972109856.598,1012000000,59228247410.9818,22766912960,196446226535.564,56000000000,314887354337.505,,22390242608.6398,247545641553.098,2612878387760.35,15747288816.1881,3428130624839.29,2471783570300.16,249098684277.449,124600486886.062,13578943166.6464,210771406835.948,2014669579719.72,28372577696.5265,4826167676,42343521965.7483,55178452044.2273,9612518136.34871,8721923076.92308,7252769934.44626,6074506533.22213,4373170811.72835,770555412702.494,4000000000,499667211001.289,489795486644.151,212273977886.346,192710684930.009,1899809579.61037,37488935009.7878,25980000000,91148717948.7179,45279487179.8345,1322964772435.07,523805608856.089,631173029582,176308825694.203,,120100000,8227102629831.48,474000000000,263259372904.956,1841709755679.17,514059508513.901,258216880939.072,5959718262199.13,203520610287.707,6474843799.06064,42945273631.8408,10271393281.3833,18962962962.963,12380000000,225143266331.151,250182019476.324,2014774938341.85,1129598273324.48,2200000000000,6972163026.4985,365965815820.015,1293000000,789257487307.029,51112745668.7163,205788796017.176,25321590401.7168,262831912586.538,41605361646.0594,40710781538.5757,40697163224.2519,9975124872.405,95981572517.1671,14045759802.382,384300000000,3744472287.07088,3813834650,9802360203.02197,1532407884934.19,3907563304.51103,167347054533.668,471575497.307237,475501675472.598,27035110130.246,2252664120777.39,269869337788.189,369606330701.98,25502060502.1181,203790266509.653,49919727146.4227,381286237847.667,333800000,1821424139311.45,45103963693.4823,479688889,2773000000,50233749190.986,18434022403.2587,14755051129.3404,1178126184343.49,101495811266,23320256742.6171,16244600000000,1996000000
Land Area (sq km),27400,470,28480,82409,82658,202910,30280,50,51000,,108560,240,,9240,77240,,42430,,42390,303890,547660,69490,348570,241930,128900,90530,100250,68890,294140,62200,160,62674,2590,25220,320,32854,2,13450,33730,,304250,304150,91470,230160,60,87460,,48088,20140,498800,410340,40000,579320,,,9327489.9,,1042,2973190,1628550,21640,364500,2699700,191800,10230,1553560,143350,120410,770880,298170,16376870,97100,,139960,510890,14870,769630,425400,200,472710,995450,1000000,227540,569140,581540,446300,192530,1213090,17200,54390,386850,7682300,18270,263310,720,2736690,1083300,8459420,743532,1109500,397300,1280000,175020,882050,,9093510,51060,750,540,107160,111890,10830,1943950,8870,5130,9147420,350
CO2 emissions (kt),4283.056,517.047,4220.717,66897.081,45731.157,62221.656,108946.57,476.71,31125.496,,44678.728,590.387,,7708.034,111751.825,,46303.209,,18338.667,61843.955,361272.84,6241.234,745383.756,493504.86,86717.216,50582.598,1961.845,39999.636,406307.267,7616.359,,13560.566,10828.651,10872.655,2588.902,4855.108,,2581.568,182077.551,,57186.865,317254.172,52361.093,78745.158,,45962.178,,36094.281,15328.06,269674.847,52515.107,,304804.707,,,8286891.952,,36288.632,2008822.937,571611.96,70655.756,1170715.419,248728.943,6398.915,20403.188,11510.713,3755.008,71623.844,161395.671,81590.75,1740776.238,567567.259,,2860.26,295281.508,183.35,298002.422,104443.494,,7234.991,204776.281,6494.257,8998.818,12427.463,2013.183,50608.267,7058.975,460124.159,1023.093,1540.14,9427.857,373080.58,1290.784,31550.868,157.681,180511.742,15456.405,419754.156,72258.235,75679.546,5075.128,57579.234,6644.604,201747.339,,499137.372,7770.373,135.679,,11118.344,8107.737,7157.984,443673.997,,50681.607,5433056.536,
Continent,Europe,Europe,Europe,Europe,Europe,Europe,Europe,Europe,Europe,Europe,Europe,Europe,Europe,Europe,Europe,Europe,Europe,Europe,Europe,Europe,Europe,Europe,Europe,Europe,Europe,Europe,Europe,Europe,Europe,Europe,Europe,Europe,Europe,Europe,Europe,Europe,Europe,Europe,Europe,Europe,Europe,Europe,Europe,Europe,Europe,Europe,Europe,Europe,Europe,Europe,Europe,Europe,Europe,Europe,Europe,Asia,Asia,Asia,Asia,Asia,Asia,Asia,Asia,Asia,Asia,Asia,Asia,Asia,Asia,Asia,Asia,Asia,Asia,Asia,Asia,Asia,Asia,Asia,Africa,Africa,Africa,Africa,Africa,Africa,Africa,Africa,Africa,Africa,Africa,Africa,Africa,Oceania,Oceania,Oceania,Oceania,South America,South America,South America,South America,South America,South America,South America,South America,South America,North America,North America,North America,North America,North America,North America,North America,North America,North America,North America,North America,North America,North America
1924,,,,4,,,18,,,,,,,,,27,,,,17,43,,,44,,4,,,23,2,,, ,,,,,,,,14,7,,,,,,,,,31,30,,,4,,,,7,,,,,,,,1,,,,,,,,,,,,,,,,,,,,,,,,,,,,,,,,,,,,,,,12,,,,,,,,,,24,
Men,,,,2,,,17,,,,,,,,,27,,,,16,41,,,43,,4,,,23,2,,, ,,,,,,,,13,7,,,,,,,,,31,30,,,4,,,,7,,,,,,,,1,,,,,,,,,,,,,,,,,,,,,,,,,,,,,,,,,,,,,,,11,,,,,,,,,,22,
Women,,,,2,,,1,,,,,,,,,0,,,,1,2,,,1,,0,,,0,0,,, ,,,,,,,,1,0,,,,,,,,,0,0,,,0,,,,0,,,,,,,,0,,,,,,,,,,,,,,,,,,,,,,,,,,,,,,,,,,,,,,,1,,,,,,,,,,2,
Sports,,,,1,,,4,,,,,,,,,6,,,,6,9,,,6,,2,,,4,2,,, ,,,,,,,,5,5,,,,,,,,,7,7,,,1,,,,1,,,,,,,,1,,,,,,,,,,,,,,,,,,,,,,,,,,,,,,,,,,,,,,,3,,,,,,,,,,6,
Gold,,,,2,,,0,,,,,,,,,0,,,,4,0,,,1,,0,,,0,0,,, ,,,,,,,,4,0,,,,,,,,,1,2,,,0,,,,1,,,,,,,,0,,,,,,,,,,,,,,,,,,,,,,,,,,,,,,,,,,,,,,,1,,,,,,,,,,1,
Silver,,,,1,,,0,,,,,,,,,0,,,,3,0,,,1,,0,,,0,0,,, ,,,,,,,,7,0,,,,,,,,,1,0,,,0,,,,0,,,,,,,,0,,,,,,,,,,,,,,,,,,,,,,,,,,,,,,,,,,,,,,,0,,,,,,,,,,2,
Bronze,,,,0,,,1,,,,,,,,,0,,,,3,2,,,2,,0,,,0,0,,, ,,,,,,,,6,0,,,,,,,,,0,1,,,0,,,,0,,,,,,,,0,,,,,,,,,,,,,,,,,,,,,,,,,,,,,,,,,,,,,,,0,,,,,,,,,,1,
Total M,,,,3,,,1,,,,,,,,,0,,,,10,2,,,4,,0,,,0,0,,, ,,,,,,,,17,0,,,,,,,,,2,3,,,0,,,,1,,,,,,,,0,,,,,,,,,,,,,,,,,,,,,,,,,,,,,,,,,,,,,,,1,,,,,,,,,,4,
Distance,,,,321.8617210539,,,364.0606731685,,,,,,,,,479.5215808699,,,,1449.3450532317,234.0462256189,,,682.5310068433,,628.9435402164,,,363.7839464438,1087.3051585942,,,,,,,,,,,1118.3846636935,727.4298198847,,,,,,,,,1157.4590289903,91.8666448471,,,663.693685263,,,,4293.3460307294,,,,,,,,4265.534609992,,,,,,,,,,,,,,,,,,,,,,,,,,,,,,,,,,,,,,,3912.2461783904,,,,,,,,,,4969.7204911163,
1928,,,,39,,,25,,,,,,,,,25,,,2,18,38,,44,32,,13,,,13,1,,1,5,,,,,,7,,25,26,,10,,,,25,,,24,41,,,6,,,,,,,6,,,,,,,,,,,,,,,,,,,,,,,,,,,,,,,,,,10,,,,,,,,,,23,,,,,,,5,,,24,
Men,,,,34,,,24,,,,,,,,,24,,,2,17,36,,39,30,,13,,,13,1,,1,5,,,,,,7,,22,26,,10,,,,24,,,24,40,,,6,,,,,,,6,,,,,,,,,,,,,,,,,,,,,,,,,,,,,,,,,,10,,,,,,,,,,20,,,,,,,5,,,21,
Women,,,,5,,,1,,,,,,,,,1,,,0,1,2,,5,2,,0,,,0,0,,0,0,,,,,,0,,3,0,,0,,,,1,,,0,1,,,0,,,,,,,0,,,,,,,,,,,,,,,,,,,,,,,,,,,,,,,,,,0,,,,,,,,,,3,,,,,,,0,,,3,
Sports,,,,8,,,3,,,,,,,,,5,,,1,5,8,,7,5,,4,,,5,1,,1,1,,,,,,2,,5,5,,1,,,,,,,6,7,,,1,,,,,,,3,,,,,,,,,,,,,,,,,,,,,,,,,,,,,,,,,,1,,,,,,,,,,6,,,,,,,1,,,7,
Gold,,,,0,,,0,,,,,,,,,0,,,0,2,1,,0,0,,0,,,0,0,,0,0,,,,,,0,,6,0,,0,,,,0,,,2,0,,,0,,,,,,,0,,,,,,,,,,,,,,,,,,,,,,,,,,,,,,,,,,0,,,,,,,,,,1,,,,,,,0,,,2,
Silver,,,,3,,,0,,,,,,,,,0,,,0,1,0,,0,0,,0,,,0,0,,0,0,,,,,,0,,4,0,,0,,,,0,,,2,0,,,0,,,,,,,0,,,,,,,,,,,,,,,,,,,,,,,,,,,,,,,,,,0,,,,,,,,,,0,,,,,,,0,,,2,
Bronze,,,,1,,,1,,,,,,,,,1,,,0,1,0,,1,1,,0,,,0,0,,0,0,,,,,,0,,5,0,,0,,,,1,,,1,1,,,0,,,,,,,0,,,,,,,,,,,,,,,,,,,,,,,,,,,,,,,,,,0,,,,,,,,,,0,,,,,,,0,,,2,
Total M,,,,4,,,1,,,,,,,,,1,,,0,4,1,,1,1,,0,,,0,0,,0,0,,,,,,0,,15,0,,0,,,,1,,,5,1,,,0,,,,,,,0,,,,,,,,,,,,,,,,,,,,,,,,,,,,,,,,,,0,,,,,,,,,,1,,,,,,,0,,,6,
Distance,,,,175.0092116062,,,400.5975258593,,,,,,,,,344.5939488532,,,1091.4433304701,1358.2190018533,375.9141190156,,313.4006407442,734.7182779273,,482.4778819805,,,293.2263184073,969.4783107653,,895.0319040053,281.1911771999,,,,,,453.3211312907,,1071.5738939604,594.9216167454,,724.7666678401,,,,474.6101215136,,,1090.8461450409,93.4641458061,,,526.0792005721,,,,,,,5895.8312034365,,,,,,,,,,,,,,,,,,,,,,,,,,,,,,,,,,7209.420805872,,,,,,,,,,3962.0434307683,,,,,,,6032.6222669672,,,5058.5464120865,
1932,,,,7,,,5,,,,,,,,,6,,,,7,8,,20,4,,4,,,12,5,,,4,,,,,,,,19,15,,1,,,,,,,12,7,,,,,,,,,,16,,,,,,,,,,,,,,,,,,,,,,,,,,,,,,,,,,,,,,,,,,,,42,,,,,,,,,,65,
Men,,,,6,,,4,,,,,,,,,6,,,,7,7,,20,0,,2,,,12,5,,,4,,,,,,,,18,15,,1,,,,,,,11,7,,,,,,,,,,16,,,,,,,,,,,,,,,,,,,,,,,,,,,,,,,,,,,,,,,,,,,,38,,,,,,,,,,58,
Women,,,,1,,,1,,,,,,,,,0,,,,0,1,,0,4,,2,,,0,0,,,0,,,,,,,,1,0,,0,,,,,,,1,0,,,,,,,,,,0,,,,,,,,,,,,,,,,,,,,,,,,,,,,,,,,,,,,,,,,,,,,4,,,,,,,,,,6,
Sports,,,,5,,,2,,,,,,,,,4,,,,3,3,,3,1,,1,,,4,2,,,2,,,,,,,,5,4,,1,,,,,,,5,3,,,,,,,,,,5,,,,,,,,,,,,,,,,,,,,,,,,,,,,,,,,,,,,,,,,,,,,6,,,,,,,,,,8,
Gold,,,,1,,,0,,,,,,,,,0,,,,1,1,,0,0,,0,,,0,0,,,0,,,,,,,,3,0,,0,,,,,,,1,0,,,,,,,,,,0,,,,,,,,,,,,,,,,,,,,,,,,,,,,,,,,,,,,,,,,,,,,1,,,,,,,,,,6,
Silver,,,,1,,,0,,,,,,,,,0,,,,1,0,,0,0,,0,,,0,1,,,0,,,,,,,,4,0,,0,,,,,,,2,1,,,,,,,,,,0,,,,,,,,,,,,,,,,,,,,,,,,,,,,,,,,,,,,,,,,,,,,1,,,,,,,,,,4,
Bronze,,,,0,,,0,,,,,,,,,0,,,,1,0,,2,0,,0,,,0,0,,,0,,,,,,,,3,0,,0,,,,,,,0,0,,,,,,,,,,0,,,,,,,,,,,,,,,,,,,,,,,,,,,,,,,,,,,,,,,,,,,,5,,,,,,,,,,2,
Total M,,,,2,,,0,,,,,,,,,0,,,,3,1,,2,0,,0,,,0,1,,,0,,,,,,,,10,0,,0,,,,,,,3,1,,,,,,,,,,0,,,,,,,,,,,,,,,,,,,,,,,,,,,,,,,,,,,,,,,,,,,,7,,,,,,,,,,12,
Distance,,,,3980.6761668307,,,3494.3322532579,,,,,,,,,3976.1920474917,,,,3804.3219613918,3559.4045317404,,3684.6442041517,3178.1350972278,,4253.6011265834,,,4130.3537253055,4034.0339990138,,,3613.1289460113,,,,,,,,3410.2036843911,4057.7678655673,,4484.9368156395,,,,,,,3560.6156836605,3777.319997053,,,,,,,,,,6542.3737960632,,,,,,,,,,,,,,,,,,,,,,,,,,,,,,,,,,,,,,,,,,,,1392.7556859793,,,,,,,,,,1269.3777399145,
1936,,,,60,,,27,,,,7,,,,,44,,,5,19,28,,55,38,1,25,,,40,26,4,,,,,,,,8,,31,20,,15,,,,,,6,32,34,,,17,,,,,,,31,,,,,,,,,,,,,,,6,,,,,,,,,,,,,,,1,,,,,,,,,,,,,,29,,,,,,,,,,55,
Men,,,,50,,,24,,,,7,,,,,39,,,3,19,28,,48,28,1,22,,,35,23,4,,,,,,,,7,,25,20,,14,,,,,,4,31,30,,,17,,,,,,,30,,,,,,,,,,,,,,,6,,,,,,,,,,,,,,,1,,,,,,,,,,,,,,22,,,,,,,,,,46,
Women,,,,10,,,3,,,,0,,,,,5,,,2,0,0,,7,10,0,3,,,5,3,0,,,,,,,,1,,6,0,,1,,,,,,2,1,4,,,0,,,,,,,1,,,,,,,,,,,,,,,0,,,,,,,,,,,,,,,0,,,,,,,,,,,,,,7,,,,,,,,,,9,
Sports,,,,8,,,5,,,,2,,,,,8,,,4,5,4,,8,6,2,5,,,7,6,2,,,,,,,,3,,6,6,,5,,,,,,2,7,7,,,4,,,,,,,7,,,,,,,,,,,,,,,2,,,,,,,,,,,,,,,1,,,,,,,,,,,,,,7,,,,,,,,,,8,
Gold,,,,1,,,0,,,,0,,,,,0,,,0,1,0,,3,1,0,0,,,0,0,0,,,,,,,,0,,7,0,,0,,,,,,0,2,1,,,0,,,,,,,0,,,,,,,,,,,,,,,0,,,,,,,,,,,,,,,0,,,,,,,,,,,,,,0,,,,,,,,,,1,
Silver,,,,1,,,0,,,,0,,,,,0,,,0,2,0,,3,1,0,0,,,0,0,0,,,,,,,,0,,5,0,,0,,,,,,0,2,2,,,0,,,,,,,0,,,,,,,,,,,,,,,0,,,,,,,,,,,,,,,0,,,,,,,,,,,,,,1,,,,,,,,,,0,
Bronze,,,,2,,,0,,,,0,,,,,0,,,0,3,1,,0,1,0,1,,,0,0,0,,,,,,,,0,,3,0,,0,,,,,,0,3,0,,,0,,,,,,,0,,,,,,,,,,,,,,,0,,,,,,,,,,,,,,,0,,,,,,,,,,,,,,0,,,,,,,,,,3,
Total M,,,,4,,,0,,,,0,,,,,0,,,0,6,1,,6,3,0,1,,,0,0,0,,,,,,,,0,,15,0,,0,,,,,,0,7,3,,,0,,,,,,,0,,,,,,,,,,,,,,,0,,,,,,,,,,,,,,,0,,,,,,,,,,,,,,1,,,,,,,,,,4,
Distance,,,,105.8787177365,,,394.2106089005,,,,743.9496805132,,,,,254.7371977952,,,1001.6081131492,1272.4960510688,442.2963836998,,259.5581807034,725.6961543929,803.1298250436,419.627840291,,,333.6813789326,878.8771781156,76.1887607566,,,,,,,,418.8549371009,,1003.3175608144,504.7854411204,1100.9660691112,666.3853875213,,,,,,911.9205677378,1014.0739627019,148.7510332378,,,485.3988377637,,,,,,,5804.9910827166,,,,,,,,,,,,,,,1332.6567651392,,,,,,,,,,,,,,,9040.1313691909,,,,,,,,,,,,,,3939.2250351796,,,,,,,,,,5062.0150847664,
1948,,,,54,,,11,,,,4,,,,,47,2,,,24,36,,,55,1,22,4,,54,,10,,,,,,,,4,,49,29,,7,,,,,,6,43,70,,,17,,,,,,,,,,2,,,,,,,3,,,,,4,,,,,,,,,,,,,,,,,,,9,,,4,,,,,,,28,,,,,,,,,,69,
Men,,,,42,,,10,,,,4,,,,,41,2,,,24,28,,,43,1,17,4,,51,,10,,,,,,,,4,,45,29,,7,,,,,,6,42,59,,,17,,,,,,,,,,2,,,,,,,3,,,,,4,,,,,,,,,,,,,,,,,,,9,,,4,,,,,,,24,,,,,,,,,,59,
Women,,,,12,,,1,,,,0,,,,,6,0,,,0,8,,,12,0,5,0,,3,,0,,,,,,,,0,,4,0,,0,,,,,,0,1,11,,,0,,,,,,,,,,0,,,,,,,0,,,,,0,,,,,,,,,,,,,,,,,,,0,,,0,,,,,,,4,,,,,,,,,,10,
Sports,,,,8,,,4,,,,3,,,,,8,2,,,5,7,,,6,1,5,2,,9,,2,,,,,,,,1,,7,5,,1,,,,,,1,6,9,,,4,,,,,,,,,,1,,,,,,,1,,,,,1,,,,,,,,,,,,,,,,,,,2,,,1,,,,,,,7,,,,,,,,,,9,
Gold,,,,1,,,1,,,,0,,,,,0,0,,,1,2,,,0,0,0,0,,1,,0,,,,,,,,0,,4,0,,0,,,,,,0,4,3,,,0,,,,,,,,,,0,,,,,,,0,,,,,0,,,,,,,,,,,,,,,,,,,0,,,0,,,,,,,2,,,,,,,,,,3,
Silver,,,,3,,,1,,,,0,,,,,1,0,,,3,1,,,0,0,1,0,,0,,0,,,,,,,,0,,3,0,,0,,,,,,0,3,4,,,0,,,,,,,,,,0,,,,,,,0,,,,,0,,,,,,,,,,,,,,,,,,,0,,,0,,,,,,,0,,,,,,,,,,4,
Bronze,,,,4,,,0,,,,0,,,,,0,0,,,2,2,,,2,0,0,0,,0,,0,,,,,,,,0,,3,0,,0,,,,,,0,3,3,,,0,,,,,,,,,,0,,,,,,,0,,,,,0,,,,,,,,,,,,,,,,,,,0,,,0,,,,,,,1,,,,,,,,,,2,
Total M,,,,8,,,2,,,,0,,,,,1,0,,,6,5,,,2,0,1,0,,0,,0,,,,,,,,0,,4,0,,0,,,,,,0,10,10,,,0,,,,,,,,,,0,,,,,,,0,,,,,0,,,,,,,,,,,,,,,,,,,0,,,0,,,,,,,3,,,,,,,,,,9,
Distance,,,,175.0092116062,,,400.5975258593,,,,781.5002674386,,,,,344.5939488532,656.7977686767,,,1358.2190018533,375.9141190156,,,734.7182779273,804.8115021161,482.4778819805,1648.2131574824,,293.2263184073,,48.2249991748,,,,,,,,453.3211312907,,10,594.9216167454,,724.7666678401,,,,,,827.111928189,1090.8461450409,93.4641458061,,,526.0792005721,,,,,,,,,,1617.3108452088,,,,,,,5499.8827893701,,,,,1371.3534891453,,,,,,,,,,,,,,,,,,,7209.420805872,,,7295.4529276635,,,,,,,3962.0434307683,,,,,,,,,,5058.5464120865,
1952,,,,39,,,9,,,,10,,,,,22,1,,,50,26,,53,18,3,12,11,,33,,,,,,,,,,104,,73,30,1,16,,,,,,4,65,55,,,6,,,,,,,13,,,1,,,,,,,19,,,,,51,,,,,,,,,,,,,,,9,,3,,12,,,3,,,,,,,39,,,,,,,,,,66,
Men,,,,31,,,9,,,,10,,,,,22,1,,,45,20,,41,8,3,8,11,,28,,,,,,,,,,78,,61,27,1,16,,,,,,4,56,46,,,4,,,,,,,13,,,1,,,,,,,18,,,,,51,,,,,,,,,,,,,,,7,,2,,11,,,3,,,,,,,31,,,,,,,,,,56,
Women,,,,8,,,0,,,,0,,,,,0,0,,,5,6,,12,10,0,4,0,,5,,,,,,,,,,26,,12,3,0,0,,,,,,0,9,9,,,2,,,,,,,0,,,0,,,,,,,1,,,,,0,,,,,,,,,,,,,,,2,,1,,1,,,0,,,,,,,8,,,,,,,,,,10,
Sports,,,,7,,,3,,,,2,,,,,3,1,,,7,5,,8,3,1,4,3,,6,,,,,,,,,,14,,8,4,1,3,,,,,,1,8,7,,,3,,,,,,,5,,,1,,,,,,,6,,,,,4,,,,,,,,,,,,,,,4,,1,,2,,,1,,,,,,,6,,,,,,,,,,8,
Gold,,,,2,,,0,,,,0,,,,,0,0,,,3,0,,3,1,0,0,0,,1,,,,,,,,,,0,,7,0,0,0,,,,,,0,0,0,,,0,,,,,,,0,,,0,,,,,,,0,,,,,2,,,,,,,,,,,,,,,0,,0,,0,,,0,,,,,,,1,,,,,,,,,,4,
Silver,,,,4,,,0,,,,0,,,,,0,0,,,4,0,,2,0,0,0,0,,0,,,,,,,,,,5,,3,0,0,0,,,,,,0,0,0,,,0,,,,,,,0,,,0,,,,,,,0,,,,,0,,,,,,,,,,,,,,,0,,0,,0,,,0,,,,,,,0,,,,,,,,,,6,
Bronze,,,,2,,,0,,,,0,,,,,0,0,,,2,1,,2,0,0,1,0,,1,,,,,,,,,,0,,6,0,0,0,,,,,,0,4,2,,,0,,,,,,,0,,,0,,,,,,,2,,,,,1,,,,,,,,,,,,,,,0,,0,,0,,,0,,,,,,,1,,,,,,,,,,1,
Total M,,,,8,,,0,,,,0,,,,,0,0,,,9,1,,7,1,0,1,0,,2,,,,,,,,,,5,,16,0,0,0,,,,,,0,4,2,,,0,,,,,,,0,,,0,,,,,,,2,,,,,3,,,,,,,,,,,,,,,0,,0,,0,,,0,,,,,,,2,,,,,,,,,,11,
Distance,,,,878.4563527764,,,682.8865646783,,,,1316.28346667,,,,,729.5884664349,274.4493213604,,,566.975517751,1028.8117645792,,622.4669265951,630.5749056234,1529.0218287638,970.6450803079,972.1938734501,,1186.582353591,,,,,,,,,,549.3387504388,,143.9345313033,654.4850625282,1630.4503319363,1126.8874288286,,,,,,1519.1621443176,200.9394917553,902.1909285324,,,1120.5943799296,,,,,,,5165.4672542813,,,2131.5122032818,,,,,,,4843.9090240716,,,,,1790.5648163721,,,,,,,,,,,,,,,8926.9420529286,,10950.4898144653,,7743.8146409176,,,7725.5939564105,,,,,,,3251.0636920528,,,,,,,,,,4537.2418928738,
1956,,,,60,,,4,,,,7,,,,,41,,,,31,32,,63,41,3,2,7,,65,,8,,,,,,,,8,,45,51,,19,,,,,,6,58,59,,,17,,,,,3,,10,,,3,,,,,,,4,53,,,,4,,,,,,,,,,,,,,,8,,,,,1,,3,,,,,,,35,,,,,,,,,,67,
Men,,,,50,,,4,,,,6,,,,,35,,,,27,25,,52,31,3,1,6,,53,,8,,,,,,,,6,,37,44,,13,,,,,,6,50,51,,,12,,,,,3,,10,,,3,,,,,,,4,47,,,,4,,,,,,,,,,,,,,,7,,,,,1,,3,,,,,,,27,,,,,,,,,,57,
Women,,,,10,,,0,,,,1,,,,,6,,,,4,7,,11,10,0,1,1,,12,,0,,,,,,,,2,,8,7,,6,,,,,,0,8,8,,,5,,,,,0,,0,,,0,,,,,,,0,6,,,,0,,,,,,,,,,,,,,,1,,,,,0,,0,,,,,,,8,,,,,,,,,,10,
Sports,,,,8,,,3,,,,2,,,,,7,,,,6,6,,8,5,1,1,2,,8,,2,,,,,,,,2,,6,6,,4,,,,,,1,8,7,,,3,,,,,1,,5,,,2,,,,,,,1,6,,,,1,,,,,,,,,,,,,,,3,,,,,1,,1,,,,,,,7,,,,,,,,,,8,
Gold,,,,4,,,0,,,,0,,,,,0,,,,3,0,,1,0,0,0,0,,1,,0,,,,,,,,0,,2,0,,0,,,,,,0,2,3,,,0,,,,,0,,0,,,0,,,,,,,0,7,,,,0,,,,,,,,,,,,,,,0,,,,,0,,0,,,,,,,0,,,,,,,,,,2,
Silver,,,,3,,,0,,,,0,,,,,0,,,,3,0,,0,0,0,0,0,,2,,0,,,,,,,,0,,1,0,,0,,,,,,0,4,2,,,0,,,,,0,,1,,,0,,,,,,,0,3,,,,0,,,,,,,,,,,,,,,0,,,,,0,,0,,,,,,,1,,,,,,,,,,3,
Bronze,,,,4,,,0,,,,0,,,,,0,,,,1,0,,1,0,0,1,0,,0,,0,,,,,,,,0,,1,1,,0,,,,,,0,4,1,,,0,,,,,0,,0,,,0,,,,,,,0,6,,,,0,,,,,,,,,,,,,,,0,,,,,0,,0,,,,,,,2,,,,,,,,,,2,
Total M,,,,11,,,0,,,,0,,,,,0,,,,7,0,,2,0,0,1,0,,3,,0,,,,,,,,0,,4,1,,0,,,,,,0,10,6,,,0,,,,,0,,1,,,0,,,,,,,0,16,,,,0,,,,,,,,,,,,,,,0,,,,,0,,0,,,,,,,3,,,,,,,,,,7,
Distance,,,,79.1676087493,,,475.1119863924,,,,676.1416686831,,,,,271.1822542091,,,,1318.5691006418,485.3505612131,,340.1251034898,807.7170395739,721.3923909585,373.7531622624,1700.8297402832,,258.0908423891,,130.4873795337,,,,,,,,501.8001904574,,1072.5711706634,517.8538056013,1123.5609140783,615.3389528868,,,,,,926.7835816264,1075.2382000943,198.3441915874,,,419.1396232636,,,,,2373.4193027723,,5823.1055242354,,,1519.2538278092,,,,,,,5418.6439386655,1265.1729042577,,,,1266.0327241406,,,,,,,,,,,,,,,8993.3178611707,,,,,6482.3426682694,,7394.2179489815,,,,,,,4022.3357871539,,,,,,,,,,5142.513769239,
1960,,,,26,,,,,,,7,,,,,21,1,,,48,26,,74,17,,3,4,,28,,3,,,,,,,,7,,29,13,,,,,,,,4,47,21,,,,,,,,,,41,,,2,,,,,,,7,62,,,,2,,,,,,,,,,,4,,,,30,,4,,6,,,5,,,,,,,44,,,,,,,,,,79,
Men,,,,17,,,,,,,4,,,,,20,1,,,42,18,,56,11,,2,4,,21,,3,,,,,,,,5,,25,7,,,,,,,,3,41,14,,,,,,,,,,36,,,2,,,,,,,5,48,,,,2,,,,,,,,,,,1,,,,26,,2,,5,,,5,,,,,,,34,,,,,,,,,,61,
Women,,,,9,,,,,,,3,,,,,1,0,,,6,8,,18,6,,1,0,,7,,0,,,,,,,,2,,4,6,,,,,,,,1,6,7,,,,,,,,,,5,,,0,,,,,,,2,14,,,,0,,,,,,,,,,,3,,,,4,,2,,1,,,0,,,,,,,10,,,,,,,,,,18,
Sports,,,,5,,,,,,,2,,,,,4,1,,,6,6,,8,5,,3,2,,6,,1,,,,,,,,2,,6,4,,,,,,,,1,6,4,,,,,,,,,,7,,,1,,,,,,,3,8,,,,1,,,,,,,,,,,1,,,,6,,1,,2,,,1,,,,,,,7,,,,,,,,,,8,
Gold,,,,1,,,,,,,0,,,,,0,0,,,2,1,,4,0,,0,0,,0,,0,,,,,,,,0,,3,,,,,,,,,0,3,2,,,,,,,,,,0,,,0,,,,,,,0,7,,,,0,,,,,,,,,,,0,,,,0,,0,,0,,,0,,,,,,,2,,,,,,,,,,3,
Silver,,,,2,,,,,,,0,,,,,1,0,,,3,0,,3,0,,0,0,,0,,0,,,,,,,,1,,3,1,,,,,,,,0,2,0,,,,,,,,,,0,,,0,,,,,,,0,5,,,,0,,,,,,,,,,,0,,,,0,,0,,0,,,0,,,,,,,1,,,,,,,,,,4,
Bronze,,,,3,,,,,,,0,,,,,0,0,,,3,2,,1,0,,0,0,,1,,0,,,,,,,,1,,0,1,,,,,,,,0,2,0,,,,,,,,,,0,,,0,,,,,,,0,9,,,,0,,,,,,,,,,,0,,,,0,,0,,0,,,0,,,,,,,1,,,,,,,,,,3,
Total M,,,,6,,,,,,,0,,,,,1,0,,,8,3,,8,0,,0,0,,1,,0,,,,,,,,2,,6,2,,,,,,,,0,7,2,,,,,,,,,,0,,,0,,,,,,,0,21,,,,0,,,,,,,,,,,0,,,,0,,0,,0,,,0,,,,,,,4,,,,,,,,,,10,
Distance,,,,5815.6639756086,,,,,,,6360.182868036,,,,,5731.653219953,5246.7157089121,,,5075.6564189849,5556.8651051601,,5495.5779745174,5033.8647463821,,6001.4650130728,4133.8033139933,,6058.5161008991,,5721.1598679527,,,,,,,,5327.614858919,,4920.2830937991,5701.6678571908,,,,,,,,5651.8573479273,5017.4172354767,5686.4841305186,,,,,,,,,,5246.1581642885,,,7168.8622628347,,,,,,,5641.4501983253,5752.6921915578,,,,6816.0384804895,,,,,,,,,,,10296.3436712711,,,,8230.9348369028,,6915.3153943162,,6207.9661812025,,,5737.0901468531,,,,,,,1807.4380759552,,,,,,,,,,1256.2472674025,
1964,,,,83,,,8,,,,7,,,,,46,2,,,51,24,,96,36,3,28,5,,61,,6,,,,,,,,6,,58,51,,27,,,,,,6,57,72,,,31,,,,1,4,,47,,,4,13,,13,,,,7,69,,,,5,,,,,,,,,,,,,,,5,,,,12,,,5,,,,,,,55,,,,,,,,,,90,
Men,,,,69,,,7,,,,3,,,,,36,2,,,45,15,,73,27,3,22,5,,53,,6,,,,,,,,4,,51,40,,27,,,,,,6,49,60,,,29,,,,1,4,,41,,,4,10,,6,,,,5,53,,,,5,,,,,,,,,,,,,,,3,,,,11,,,5,,,,,,,43,,,,,,,,,,71,
Women,,,,14,,,1,,,,4,,,,,10,0,,,6,9,,23,9,0,6,0,,8,,0,,,,,,,,2,,7,11,,0,,,,,,0,8,12,,,2,,,,0,0,,6,,,0,3,,7,,,,2,16,,,,0,,,,,,,,,,,,,,,2,,,,1,,,0,,,,,,,12,,,,,,,,,,19,
Sports,,,,10,,,3,,,,2,,,,,8,2,,,7,5,,10,7,1,6,2,,9,,2,,,,,,,,2,,9,8,,4,,,,,,1,8,10,,,4,,,,1,1,,8,,,1,3,,2,,,,3,8,,,,1,,,,,,,,,,,,,,,1,,,,3,,,1,,,,,,,8,,,,,,,,,,10,
Gold,,,,4,,,0,,,,0,,,,,0,0,,,3,3,,3,1,0,0,0,,0,,0,,,,,,,,1,,3,0,,0,,,,,,0,3,0,,,0,,,,0,0,,0,,,0,0,,,,,,0,11,,,,0,,,,,,,,,,,,,,,0,,,,0,,,0,,,,,,,1,,,,,,,,,,1,
Silver,,,,5,,,0,,,,0,,,,,0,0,,,4,4,,2,0,0,0,0,,1,,0,,,,,,,,1,,6,0,,0,,,,,,0,3,0,,,0,,,,0,0,,0,,,0,0,,1,,,,0,8,,,,0,,,,,,,,,,,,,,,0,,,,0,,,0,,,,,,,1,,,,,,,,,,2,
Bronze,,,,3,,,0,,,,0,,,,,1,0,,,3,0,,2,0,0,0,0,,3,,0,,,,,,,,0,,6,0,,0,,,,,,0,1,0,,,0,,,,0,0,,0,,,0,0,,,,,,0,6,,,,0,,,,,,,,,,,,,,,0,,,,0,,,0,,,,,,,1,,,,,,,,,,4,
Total M,,,,12,,,0,,,,0,,,,,1,0,,,10,7,,7,1,0,0,0,,4,,0,,,,,,,,2,,15,0,,0,,,,,,0,7,0,,,0,,,,0,0,,0,,,0,0,,1,,,,0,25,,,,0,,,,,,,,,,,,,,,0,,,,0,,,0,,,,,,,3,,,,,,,,,,7,
Distance,,,,91.5350554591,,,415.2586573392,,,,725.3646957766,,,,,254.9277647959,606.6329141488,,,1282.6390968137,453.6620945131,,279.6640574262,746.976515356,781.8571821212,405.4596805977,1639.1362100371,,314.5514850922,,87.1424386813,,,,,,,,440.0039327716,,1019.9947603221,505.3036049241,,651.4453630978,,,,,,916.6122247972,1028.385300924,160.1697838052,,,466.9742846725,,,,4081.4284345725,2417.4851246969,,5808.0735798011,,,1573.88219475,4154.19435114,,5231.7155554156,,,,5410.266261692,1261.3748598893,,,,1314.4616039624,,,,,,,,,,,,,,,9026.9101236428,,,,7299.7842559755,,,7384.7364263127,,,,,,,3960.4856856789,,,,,,,,,,5083.0545717091,
1968,,,,76,,,,,,,6,,,,,48,3,57,,52,75,,,38,3,10,4,,47,,9,,,,,,,,9,,65,31,,30,,,,,,20,68,34,,87,30,,,,1,4,,61,,,3,7,,,,,,8,74,,,,11,,,,,,,,,5,,,,,,3,,6,,5,,,4,,,,,,,70,,,,,,,,,,96,
Men,,,,63,,,,,,,2,,,,,41,2,45,,44,64,,,28,3,8,4,,39,,8,,,,,,,,4,,54,23,,29,,,,,,20,59,29,,67,29,,,,1,4,,52,,,3,7,,,,,,5,54,,,,11,,,,,,,,,5,,,,,,3,,4,,2,,,3,,,,,,,55,,,,,,,,,,75,
Women,,,,13,,,,,,,4,,,,,7,1,12,,8,11,,,10,0,2,0,,8,,1,,,,,,,,5,,11,8,,1,,,,,,0,9,5,,20,1,,,,0,0,,9,,,0,0,,,,,,3,20,,,,0,,,,,,,,,0,,,,,,0,,2,,3,,,1,,,,,,,15,,,,,,,,,,21,
Sports,,,,10,,,,,,,2,,,,,8,1,9,,7,10,,,7,2,4,1,,8,,2,,,,,,,,1,,8,7,,5,,,,,,3,9,7,,10,4,,,,1,1,,8,,,1,3,,,,,,4,8,,,,2,,,,,,,,,1,,,,,,3,,1,,1,,,1,,,,,,,9,,,,,,,,,,10,
Gold,,,,3,,,,,,,0,,,,,1,0,1,,1,4,,,0,0,0,0,,4,,0,,,,,,,,3,,6,0,,0,,,,,,0,3,0,,2,0,,,,0,0,,0,,,0,0,,,,,,0,5,,,,0,,,,,,,,,0,,,,,,0,,0,,0,,,0,,,,,,,1,,,,,,,,,,1,
Silver,,,,4,,,,,,,0,,,,,2,0,2,,2,3,,,0,0,0,0,,0,,0,,,,,,,,3,,6,0,,0,,,,,,0,2,2,,2,0,,,,0,0,,0,,,0,0,,,,,,0,5,,,,0,,,,,,,,,0,,,,,,0,,0,,0,,,0,,,,,,,1,,,,,,,,,,5,
Bronze,,,,4,,,,,,,0,,,,,1,0,2,,2,2,,,0,0,0,0,,0,,0,,,,,,,,3,,2,0,,1,,,,,,0,3,4,,3,0,,,,0,0,,0,,,0,0,,,,,,0,3,,,,0,,,,,,,,,0,,,,,,0,,0,,0,,,0,,,,,,,1,,,,,,,,,,1,
Total M,,,,11,,,,,,,0,,,,,4,0,5,,5,9,,,0,0,0,0,,4,,0,,,,,,,,9,,14,0,,1,,,,,,0,8,6,,7,0,,,,0,0,,0,,,0,0,,,,,,0,13,,,,0,,,,,,,,,0,,,,,,0,,0,,0,,,0,,,,,,,3,,,,,,,,,,7,
Distance,,,,392.2933722473,,,,,,,966.6801448234,,,,,554.0002987164,769.4881935476,428.4625502438,,1517.5121846125,188.3223269321,,,698.9334318958,936.1728753928,694.6246709725,1637.878653404,,389.3735821587,,227.4650971666,,,,,,,,504.6673805559,,1173.9883035253,802.1276684945,,931.8120905086,,,,,,610.8538975168,1219.3305740144,165.5356968524,,428.4625502438,719.8974602305,,,,4349.8746538008,2669.0953938503,,6088.8862051267,,,1773.7485431452,4454.6696515468,,,,,,5702.8412259389,1562.2711846058,,,,1552.1666955143,,,,,,,,,1078.7133195455,,,,,,9306.6337590886,,11785.5997643802,,6996.5969746294,,,7078.7486703332,,,,,,,3920.1153573757,,,,,,,,,,4954.373065401,
1972,,,,40,,,1,,,,4,,,,,41,,42,,50,40,,,37,3,1,,,44,,4,,,,,,,,11,,67,47,,13,,,,,,3,58,151,,78,26,,5,,,4,,85,,,1,4,,6,,2,,5,76,,,,,,,,,,,,,,,,,,,4,,2,,2,,,11,,,,,,,47,,,,,,,,,,103,
Men,,,,29,,,1,,,,4,,,,,37,,29,,43,33,,,30,3,0,,,41,,3,,,,,,,,5,,56,39,,13,,,,,,2,49,122,,62,26,,5,,,4,,65,,,1,4,,0,,2,,1,55,,,,,,,,,,,,,,,,,,,4,,2,,2,,,9,,,,,,,29,,,,,,,,,,77,
Women,,,,11,,,0,,,,0,,,,,4,,13,,7,7,,,7,0,1,,,3,,1,,,,,,,,6,,11,8,,0,,,,,,1,9,29,,16,0,,0,,,0,,20,,,0,0,,6,,0,,4,21,,,,,,,,,,,,,,,,,,,0,,0,,0,,,2,,,,,,,18,,,,,,,,,,26,
Sports,,,,8,,,1,,,,2,,,,,6,,7,,6,9,,,7,1,1,,,9,,2,,,,,,,,2,,8,8,,4,,,,,,1,9,17,,10,4,,2,,,1,,10,,,1,2,,1,,1,,2,9,,,,,,,,,,,,,,,,,,,2,,1,,1,,,5,,,,,,,7,,,,,,,,,,10,
Gold,,,,1,,,0,,,,0,,,,,1,,4,,0,0,,,0,0,0,,,2,,0,,,,,,,,4,,2,1,,0,,,,,,1,1,0,,3,0,,0,,,0,,1,,,0,0,,0,,0,,0,8,,,,,,,,,,,,,,,,,,,0,,0,,0,,,0,,,,,,,0,,,,,,,,,,3,
Silver,,,,2,,,0,,,,0,,,,,0,,3,,4,1,,,0,0,0,,,2,,0,,,,,,,,3,,5,0,,0,,,,,,0,1,3,,1,0,,0,,,0,,1,,,0,0,,0,,0,,0,5,,,,,,,,,,,,,,,,,,,0,,0,,0,,,0,,,,,,,1,,,,,,,,,,2,
Bronze,,,,2,,,0,,,,0,,,,,2,,7,,1,2,,,0,0,0,,,1,,0,,,,,,,,2,,5,0,,0,,,,,,0,2,0,,1,0,,0,,,0,,1,,,0,0,,0,,0,,0,3,,,,,,,,,,,,,,,,,,,0,,0,,0,,,0,,,,,,,0,,,,,,,,,,3,
Total M,,,,5,,,0,,,,0,,,,,3,,14,,5,3,,,0,0,0,,,5,,0,,,,,,,,9,,12,1,,0,,,,,,1,4,3,,5,0,,0,,,0,,3,,,0,0,,0,,0,,0,16,,,,,,,,,,,,,,,,,,,0,,0,,0,,,0,,,,,,,1,,,,,,,,,,8,
Distance,,,,5435.8125790146,,,5464.5119680427,,,,5308.5550843745,,,,,5242.6422483169,,5339.4369065139,,4254.0567738371,5800.6023149534,,,5392.2974252758,5619.7072868895,5261.1475509185,,,5703.0713714228,,5546.9016726685,,,,,,,,5327.113048303,,4693.6436784792,4998.0447098441,,5155.6658059816,,,,,,6306.9187387102,4593.4953916435,5595.9164638144,,5339.4369065139,5362.344081555,,1782.5435318468,,,4679.2502351154,,520.0455250194,,,5352.0347707521,1787.0790562964,,771.1805325267,,2377.3216724177,,843.0366721274,4298.0771793386,,,,,,,,,,,,,,,,,,,4872.9209398508,,6157.5719291482,,10944.2460082291,,,10449.590991461,,,,,,,4639.509146955,,,,,,,,,,5752.1441677856,
1976,,5,,77,,,4,,,,29,,,,,58,,59,,47,35,,,42,4,3,8,,58,,9,,,,,,,,7,,42,56,,32,2,,,,,4,39,59,,71,28,,6,,,4,,58,,,1,,,,,,,3,79,,,,9,,,,,,,,,,,,,,,8,,5,,8,,,5,,,,,,,59,,,,,,,,,,106,
Men,,5,,63,,,3,,,,29,,,,,47,,40,,38,29,,,31,4,2,6,,47,,6,,,,,,,,3,,35,43,,32,2,,,,,4,30,52,,56,27,,6,,,4,,50,,,0,,,,,,,1,59,,,,9,,,,,,,,,,,,,,,5,,3,,8,,,5,,,,,,,38,,,,,,,,,,76,
Women,,0,,14,,,1,,,,0,,,,,11,,19,,9,6,,,11,0,1,2,,11,,3,,,,,,,,4,,7,13,,0,0,,,,,0,9,7,,15,1,,0,,,0,,8,,,1,,,,,,,2,20,,,,0,,,,,,,,,,,,,,,3,,2,,0,,,0,,,,,,,21,,,,,,,,,,30,
Sports,,1,,10,,,2,,,,4,,,,,9,,8,,8,8,,,7,2,1,2,,9,,3,,,,,,,,2,,7,9,,4,1,,,,,1,7,9,,10,4,,4,,,1,,10,,,1,,,,,,,2,9,,,,2,,,,,,,,,,,,,,,3,,1,,2,,,1,,,,,,,8,,,,,,,,,,10,
Gold,,0,,2,,,0,,,,0,,,,,0,,7,,2,0,,,1,0,0,0,,1,,0,,,,,,,,1,,3,0,,0,0,,,,,0,0,1,,2,0,,0,,,0,,0,,,0,,,,,,,0,13,,,,0,,,,,,,,,,,,,,,0,,0,,0,,,0,,,,,,,1,,,,,,,,,,3,
Silver,,0,,2,,,0,,,,0,,,,,1,,5,,4,0,,,0,0,0,0,,2,,0,,,,,,,,2,,3,0,,0,0,,,,,0,0,3,,5,0,,0,,,0,,0,,,0,,,,,,,0,6,,,,0,,,,,,,,,,,,,,,0,,0,,0,,,0,,,,,,,1,,,,,,,,,,3,
Bronze,,0,,2,,,0,,,,0,,,,,0,,7,,1,1,,,0,0,0,0,,1,,2,,,,,,,,3,,1,0,,0,0,,,,,0,2,1,,3,0,,0,,,0,,0,,,0,,,,,,,0,8,,,,0,,,,,,,,,,,,,,,0,,0,,0,,,0,,,,,,,1,,,,,,,,,,4,
Total M,,0,,6,,,0,,,,0,,,,,1,,19,,7,1,,,0,0,0,0,,4,,2,,,,,,,,6,,7,0,,0,0,,,,,0,2,5,,10,0,,0,,,0,,0,,,0,,,,,,,0,27,,,,0,,,,,,,,,,,,,,,0,,0,,0,,,0,,,,,,,3,,,,,,,,,,10,
Distance,,580.8954813087,,91.5350554591,,,415.2586573392,,,,725.3646957766,,,,,254.9277647959,,279.6640574262,,1282.6390968137,453.6620945131,,,746.976515356,781.8571821212,405.4596805977,1639.1362100371,,314.5514850922,,87.1424386813,,,,,,,,440.0039327716,,1019.9947603221,505.3036049241,,651.4453630978,247.0812096265,,,,,916.6122247972,1028.385300924,160.1697838052,,279.6640574262,466.9742846725,,5888.9455511543,,,2417.4851246969,,5808.0735798011,,,1573.88219475,,,,,,,5410.266261692,1261.3748598893,,,,1314.4616039624,,,,,,,,,,,,,,,9026.9101236428,,11481.5480265833,,7299.7842559755,,,7384.7364263127,,,,,,,3960.4856856789,,,,,,,,,,5083.0545717091,
1980,,3,,43,,,2,,,,8,,,3,,41,,53,,52,22,,,48,3,2,6,,46,,7,,,,,,,,29,,64,30,,35,,,,,,8,61,44,,80,15,24,,,,,,50,,,3,3,,,,,,10,86,,,,,,,,,,,,,,,,,,,9,,5,,13,3,,,,,,,,,59,1,,,,,,,,,101,
Men,,3,,33,,,2,,,,8,,,2,,34,,36,,44,16,,,36,3,1,5,,34,,4,,,,,,,,25,,55,29,,33,,,,,,5,49,33,,61,11,13,,,,,,46,,,2,3,,,,,,6,63,,,,,,,,,,,,,,,,,,,5,,3,,13,3,,,,,,,,,41,1,,,,,,,,,76,
Women,,0,,10,,,0,,,,0,,,1,,7,,17,,8,6,,,12,0,1,1,,12,,3,,,,,,,,4,,9,1,,2,,,,,,3,12,11,,19,4,11,,,,,,4,,,1,0,,,,,,4,23,,,,,,,,,,,,,,,,,,,4,,2,,0,0,,,,,,,,,18,0,,,,,,,,,25,
Sports,,1,,6,,,1,,,,3,,,1,,7,,8,,7,6,,,7,1,1,2,,8,,2,,,,,,,,2,,7,5,,4,,,,,,3,9,9,,10,5,5,,,,,,10,,,1,2,,,,,,4,9,,,,,,,,,,,,,,,,,,,4,,1,,3,1,,,,,,,,,8,1,,,,,,,,,10,
Gold,,0,,3,,,0,,,,0,,,0,,0,,9,,1,0,,,1,0,0,0,,0,,2,,,,,,,,1,,1,0,,0,,,,,,0,3,1,,0,0,0,,,,,,0,,,0,0,,,,,,0,10,,,,,,,,,,,,,,,,,,,0,,0,,0,0,,,,,,,,,0,0,,,,,,,,,6,
Silver,,0,,2,,,0,,,,0,,,0,,0,,7,,5,0,,,0,0,1,0,,2,,2,,,,,,,,2,,3,0,,0,,,,,,0,0,1,,2,0,0,,,,,,1,,,0,0,,,,,,0,6,,,,,,,,,,,,,,,,,,,0,,0,,0,0,,,,,,,,,1,0,,,,,,,,,4,
Bronze,,0,,2,,,0,,,,1,,,0,,1,,7,,3,1,,,0,0,0,0,,0,,0,,,,,,,,1,,6,0,,0,,,,,,0,1,3,,3,0,0,,,,,,0,,,0,0,,,,,,0,6,,,,,,,,,,,,,,,,,,,0,,0,,0,0,,,,,,,,,1,0,,,,,,,,,2,
Total M,,0,,7,,,0,,,,1,,,0,,1,,23,,9,1,,,1,0,1,0,,2,,4,,,,,,,,4,,10,0,,0,,,,,,0,4,5,,5,0,0,,,,,,1,,,0,0,,,,,,0,22,,,,,,,,,,,,,,,,,,,0,,0,,0,0,,,,,,,,,2,0,,,,,,,,,12,
Distance,,3657.6002106435,,3980.6761668307,,,3494.3322532579,,,,4615.9625258029,,,5305.9730715554,,3976.1920474917,,3684.6442041517,,3804.3219613918,3559.4045317404,,,3178.1350972278,4671.9313956072,4253.6011265834,2535.289275105,,4130.3537253055,,3834.1003609945,,,,,,,,3514.1042224806,,3410.2036843911,4057.7678655673,,4484.9368156395,,,,,,3488.9809158513,3560.6156836605,3777.319997053,,3684.6442041517,4360.6255147865,6962.2667166736,,,,,,6542.3737960632,,,5476.2163662168,6201.8711211313,,,,,,6665.6179758781,4466.4379111427,,,,,,,,,,,,,,,,,,,10528.8393030429,,9080.2616013526,,5448.4109842152,4274.669905171,,,,,,,,,1392.7556859793,2444.7573819903,,,,,,,,,1269.3777399145,
1984,,2,,65,,,4,,,1,16,,,5,,50,,56,,45,32,,,50,6,9,5,,74,,10,,,,,,1,,13,,58,30,,19,3,,,,,12,60,42,,84,72,37,12,,,,,39,,,4,4,,6,,,,15,99,,,,7,,,,1,,,,,4,1,,,,,10,,6,,18,3,,4,,,,,,,67,3,,,,,,1,1,,107,
Men,,2,,58,,,2,,,1,15,,,4,,38,,40,,40,22,,,37,6,7,4,,59,,7,,,,,,1,,9,,50,24,,16,3,,,,,10,51,29,,69,59,21,10,,,,,32,,,4,4,,0,,,,11,74,,,,7,,,,1,,,,,4,1,,,,,8,,4,,13,3,,4,,,,,,,47,3,,,,,,1,1,,77,
Women,,0,,7,,,2,,,0,1,,,1,,12,,16,,5,10,,,13,0,2,1,,15,,3,,,,,,0,,4,,8,6,,3,0,,,,,2,9,13,,15,13,16,2,,,,,7,,,0,0,,6,,,,4,25,,,,0,,,,0,,,,,0,0,,,,,2,,2,,5,0,,0,,,,,,,20,0,,,,,,0,0,,30,
Sports,,1,,9,,,2,,,1,5,,,1,,8,,8,,6,7,,,7,2,4,2,,9,,0,,,,,,1,,2,,8,6,,6,2,,,,,4,8,8,,10,10,5,5,,,,,9,,,1,1,,1,,,,5,10,,,,2,,,,1,,,,,1,1,,,,,5,,1,,3,1,,1,,,,,,,8,3,,,,,,1,1,,10,
Gold,,0,,0,,,0,,,0,0,,,0,,0,,9,,4,0,,,1,0,0,0,,2,,0,,,,,,0,,0,,3,0,,0,0,,,,,0,4,2,,2,0,0,0,,,,,0,,,0,0,,0,,,,0,6,,,,0,,,,0,,,,,0,0,,,,,0,,0,,0,0,,0,,,,,,,2,0,,,,,,0,0,,4,
Silver,,0,,0,,,0,,,0,0,,,0,,2,,9,,3,1,,,0,0,0,0,,0,,0,,,,,,0,,0,,2,0,,0,0,,,,,0,2,2,,1,1,0,0,,,,,1,,,0,0,,0,,,,0,10,,,,0,,,,0,,,,,0,0,,,,,0,,0,,0,0,,0,,,,,,,1,0,,,,,,0,0,,4,
Bronze,,0,,1,,,0,,,0,0,,,0,,4,,6,,6,2,,,0,0,0,0,,0,,2,,,,,,0,,0,,4,0,,0,0,,,,,0,2,1,,1,0,0,0,,,,,0,,,0,0,,0,,,,0,9,,,,0,,,,0,,,,,0,0,,,,,0,,0,,0,0,,0,,,,,,,1,0,,,,,,0,0,,0,
Total M,,0,,1,,,0,,,0,0,,,0,,6,,24,,13,3,,,1,0,0,0,,2,,2,,,,,,0,,0,,9,0,,0,0,,,,,0,8,5,,4,1,0,0,,,,,1,,,0,0,,0,,,,0,25,,,,0,,,,0,,,,,0,0,,,,,0,,0,,0,0,,0,,,,,,,4,0,,,,,,0,0,,8,
Distance,,848.4524660404,,342.0913233529,,,825.6732920411,,,4994.8404825432,338.5858018868,,,990.2675426636,,429.7713922002,,659.277422587,,1425.1315909527,812.8178365804,,,1153.8792891403,384.588313289,232.051894811,2015.6320143971,,286.3516485559,,484.7590207149,,,,,,546.4369337714,,831.7275231819,,1299.8462461189,568.6755033868,,357.4724783942,296.3273071309,,,,,1176.3886800808,1262.2836956332,547.170713988,,659.277422587,123.9598390276,4452.8258099674,5699.6758195622,,,,,5751.0130835518,,,1164.2848442694,4020.2847321572,,5144.4610230759,,,,5310.7089645441,1182.3035342571,,,,923.5280268055,,,,1333.5972793908,,,,,1506.0771498197,2810.2308421838,,,,,8684.5708713187,,11190.0904436376,,7461.4541804516,6709.3583908791,,7593.3488049491,,,,,,,4342.0635462565,6347.4684934644,,,,,,6478.8594877701,5104.6406687767,,5492.4651051188,
1988,,4,,81,,,1,,,,26,,,3,,59,1,53,,53,68,,,48,6,5,3,,58,,13,,1,,,,3,,11,2,64,32,5,11,5,,,,,12,67,70,,90,22,13,13,,3,,,48,,,4,3,,6,,1,,22,101,,,,8,,,,,,,,,3,,,,,,19,1,9,,15,6,,5,,,,,,,113,2,,,,,4,11,9,,118,
Men,,2,,66,,,0,,,,24,,,2,,49,1,36,,46,53,,,34,5,3,2,,42,,11,,1,,,,3,,6,2,54,28,5,5,5,,,,,7,54,56,,71,16,6,11,,2,,,37,,,4,2,,3,,1,,18,78,,,,8,,,,,,,,,3,,,,,,17,1,7,,10,6,,5,,,,,,,83,2,,,,,4,10,8,,86,
Women,,2,,15,,,1,,,,2,,,1,,10,0,17,,7,15,,,14,1,2,1,,16,,2,,0,,,,0,,5,0,10,4,0,6,0,,,,,5,13,14,,19,6,7,2,,1,,,11,,,0,1,,3,,0,,4,23,,,,0,,,,,,,,,0,,,,,,2,0,2,,5,0,,0,,,,,,,30,0,,,,,0,1,1,,31,
Sports,,1,,10,,,1,,,,7,,,1,,9,1,8,,7,9,,,8,2,3,2,,8,,3,,1,,,,2,,1,2,8,6,1,4,2,,,,,4,9,7,,10,7,3,4,,1,,,9,,,1,1,,2,,1,,5,10,,,,2,,,,,,,,,1,,,,,,6,1,3,,4,1,,1,,,,,,,11,2,,,,,1,4,3,,11,
Gold,,0,,3,,,0,,,,0,,,0,,0,0,9,,4,1,,,0,0,0,0,,2,,0,,0,,,,0,,3,0,0,0,0,0,0,,,,,0,4,5,,2,0,0,0,,0,,,0,,,0,0,,0,,0,,0,11,,,,0,,,,,,,,,0,,,,,,0,0,0,,0,0,,0,,,,,,,0,0,,,,,0,0,0,,2,
Silver,,0,,5,,,0,,,,0,,,0,,1,0,10,,1,0,,,0,0,0,0,,1,,0,,0,,,,0,,2,0,3,0,0,0,0,,,,,0,0,5,,4,2,0,0,,0,,,0,,,0,0,,0,,0,,0,9,,,,0,,,,,,,,,0,,,,,,0,0,0,,0,0,,0,,,,,,,2,0,,,,,0,0,0,,1,
Bronze,,0,,2,,,0,,,,0,,,0,,2,0,6,,2,1,,,0,0,0,0,,2,,1,,0,,,,0,,2,0,2,0,0,0,0,,,,,0,2,5,,2,1,0,0,,0,,,1,,,0,0,,0,,0,,0,9,,,,0,,,,,,,,,0,,,,,,0,0,0,,0,0,,0,,,,,,,3,0,,,,,0,0,0,,3,
Total M,,0,,10,,,0,,,,0,,,0,,3,0,25,,7,2,,,0,0,0,0,,5,,1,,0,,,,0,,7,0,5,0,0,0,0,,,,,0,6,15,,8,3,0,0,,0,,,1,,,0,0,,0,,0,,0,29,,,,0,,,,,,,,,0,,,,,,0,0,0,,0,0,,0,,,,,,,5,0,,,,,0,0,0,,6,
Distance,,4912.2443894755,,4960.63662298,,,4521.833059656,,,,5492.7488762218,,,6167.0031534765,,4869.5211887893,4382.7086585026,4641.35350663,,4204.0885744184,4731.1645054988,,,4191.9459755372,5675.1822884256,5136.5938364401,3277.5435343121,,5213.1488526434,,4873.8909706408,,4639.1494967278,,,,5012.9172152387,,4475.7470683736,3687.8612121518,4049.6087189761,4832.3855565779,4761.4017457667,5304.624690452,5147.1696612084,,,,,4870.254846083,4144.9031963321,4842.9284233017,,4641.35350663,5280.3115742874,6038.6584302966,6301.2015993829,,7486.0704125345,,,5012.8762085191,,,6296.2696507103,5341.7982219952,,5151.7020762011,,6886.4758233746,,5306.8077419679,4884.0847404317,,,,5942.9960288452,,,,,,,,,5270.2251096813,,,,,,8630.6784465436,6400.2858634289,7693.7093253749,,6620.0657391716,5559.3289022823,,6186.7359038484,,,,,,,963.1813088714,3309.2735586436,,,,,3020.6070916693,2044.2606097355,3438.0409070292,,1227.5816201141,
1992,,5,,58,,,5,1,,,30,,4,4,,74,6,,19,62,109,,111,49,8,24,5,4,107,23,7,6,1,,,,5,,19,2,80,53,,23,3,,,,27,17,73,74,,,25,32,8,,2,,,60,,,4,4,,20,,1,,23,,,,,8,,4,,,,,,,12,2,,1,,,22,,6,,20,5,7,5,,,,,,,108,4,,,,1,5,20,6,,147,
Men,,4,,45,,,4,1,,,22,,3,3,,55,4,,14,49,79,,75,39,7,13,4,4,79,19,6,3,1,,,,5,,9,2,61,41,,14,3,,,,20,13,56,57,,,22,12,8,,2,,,40,,,4,4,,9,,1,,19,,,,,8,,3,,,,,,,10,2,,1,,,15,,5,,15,5,6,5,,,,,,,79,4,,,,1,5,16,6,,97,
Women,,1,,13,,,1,0,,,8,,1,1,,19,2,,5,13,30,,36,10,1,11,1,0,28,4,1,3,0,,,,0,,10,0,19,12,,9,0,,,,7,4,17,17,,,3,20,0,,0,,,20,,,0,0,,11,,0,,4,,,,,0,,1,,,,,,,2,0,,0,,,7,,1,,5,0,1,0,,,,,,,29,0,,,,0,0,4,0,,50,
Sports,,1,,9,,,1,1,,,7,,3,1,,10,3,,4,8,12,,11,9,3,6,2,1,11,6,2,3,1,,,,1,,2,1,11,9,,8,2,,,,6,4,9,8,,,6,6,3,,1,,,11,,,1,2,,5,,1,,6,,,,,2,,1,,,,,,,2,1,,1,,,9,,2,,5,1,1,1,,,,,,,11,1,,,,1,1,4,2,,12,
Gold,,0,,6,,,0,0,,,0,,0,0,,0,0,,0,3,3,,10,0,0,0,0,0,4,0,0,0,0,,,,0,,1,0,9,0,,0,0,,,,0,0,1,1,,,0,0,0,,0,,,1,,,0,0,,0,,0,,2,,,,,0,,0,,,,,,,0,0,,0,,,0,,0,,0,0,0,0,,,,,,,2,0,,,,0,0,0,0,,5,
Silver,,0,,7,,,0,0,,,0,,0,0,,0,0,,0,1,5,,10,0,0,0,0,0,6,0,0,0,2,,,,0,,1,0,6,0,,0,0,,,,0,0,0,0,,,0,3,0,,0,,,2,,,0,0,,0,,0,,1,,,,,0,,0,,,,,,,0,0,,0,,,0,,1,,0,0,0,0,,,,,,,3,0,,,,0,0,0,0,,4,
Bronze,,0,,8,,,0,0,,,0,,0,0,,3,0,,0,3,1,,6,0,0,0,0,0,4,0,0,0,0,,,,0,,2,0,5,0,,0,0,,,,0,1,3,2,,,0,0,0,,0,,,4,,,0,0,,1,,0,,1,,,,,0,,0,,,,,,,0,0,,0,,,0,,0,,0,0,0,0,,,,,,,2,0,,,,0,0,0,0,,2,
Total M,,0,,21,,,0,0,,,0,,0,0,,3,0,,0,7,9,,26,0,0,0,0,0,14,0,0,0,2,,,,0,,4,0,20,0,,0,0,,,,0,1,4,3,,,0,3,0,,0,,,7,,,0,0,,1,,0,,4,,,,,0,,0,,,,,,,0,0,,0,,,0,,1,,0,0,0,0,,,,,,,7,0,,,,0,0,0,0,,11,
Distance,,323.742843576,,349.3757302083,,,373.0681671024,3802.9394444224,,,936.1763913187,,443.0468022732,1574.0255619322,,508.1110538936,730.5822510604,,1229.3851146621,1474.1885659241,212.7464826247,,386.9525118775,685.3567010174,919.1271142867,654.9912638269,1622.1603323784,820.0716433542,374.4225886217,1114.9570057492,181.64351885,1043.3402041191,281.7941895993,,,,143.1650948165,,472.6047071806,4902.9742412316,1137.590766002,755.9646195522,,894.4039446419,323.8911132331,,,,414.9287963621,656.0776151345,1179.4122588528,119.3674178673,,,686.4143129798,4912.0879823952,6148.7756719726,,4316.537786056,,,6042.973473713,,,1751.9725101412,4408.528617678,,5475.4494868094,,6751.5145680569,,5656.5294458032,,,,,1523.5675717052,,1236.065799151,,,,,,,1124.5469982494,2492.0322805407,,5233.3093283346,,,9271.3030151289,,11742.8938781028,,7042.4631447065,6205.9621650426,5403.2110715938,7123.4368746365,,,,,,,3912.5708611121,5747.4264410354,,,,5621.135587192,5037.3150176909,5918.2532048574,4508.4167050703,,4961.295817772,
1994,,6,2,80,,33,5,1,10,,17,,3,1,63,,4,,26,61,98,5,112,32,9,16,5,,104,27,10,6,1,,,2,5,,21,,88,28,1,23,3,,,42,22,13,84,59,37,,,24,2,,,,1,59,24,1,,1,,,,,113,21,,,,,1,7,,,,,,,,,1,2,,,,25,1,7,,10,,1,3,,,,,,2,95,,,,,,4,1,5,2,147,
Men,,4,2,65,,21,2,1,8,,10,,3,0,47,,4,,17,47,68,5,79,25,7,5,4,,78,20,9,3,1,,,1,5,,13,,67,15,1,13,3,,,34,17,8,64,41,20,,,7,2,,,,1,43,19,0,,1,,,,,75,11,,,,,1,3,,,,,,,,,1,1,,,,18,1,5,,4,,1,3,,,,,,2,66,,,,,,4,1,5,2,95,
Women,,2,0,15,,12,3,0,2,,7,,0,1,16,,0,,9,14,30,0,33,7,2,11,1,,26,7,1,3,0,,,1,0,,8,,21,13,0,10,0,,,8,5,5,20,18,17,,,17,0,,,,0,16,10,1,,0,,,,,38,10,,,,,0,4,,,,,,,,,0,1,,,,7,0,2,,6,,0,0,,,,,,0,29,,,,,,0,0,0,0,52,
Sports,,1,1,10,,7,2,1,4,,7,,2,1,7,,3,,6,8,10,3,11,8,5,5,2,,11,6,3,3,1,,,1,2,,4,,10,8,1,7,2,,,7,3,4,10,10,10,,,5,1,,,,1,11,8,1,,1,,,,,12,5,,,,,1,2,,,,,,,,,1,2,,,,9,1,2,,2,,1,1,,,,,,1,10,,,,,,1,1,1,1,12,
Gold,,0,0,2,,0,0,0,0,,0,,0,0,0,,0,,0,0,0,0,9,0,0,0,0,,7,0,0,0,0,,,0,0,,0,,10,0,0,0,0,,,0,0,0,2,3,1,,,0,0,,,,0,1,1,0,,0,,,,,11,4,,,,,0,1,,,,,,,,,0,0,,,,0,0,0,,0,,0,0,,,,,,0,3,,,,,,0,0,0,0,6,
Silver,,0,0,3,,2,0,0,0,,0,,0,0,0,,0,,0,1,1,0,7,0,0,0,0,,5,0,0,0,0,,,0,0,,1,,11,0,0,0,0,,,0,0,0,1,4,0,,,1,0,,,,0,2,2,0,,0,,,,,8,1,,,,,0,0,,,,,,,,,0,0,,,,0,0,0,,0,,0,0,,,,,,0,6,,,,,,0,0,0,0,5,
Bronze,,0,0,4,,0,0,0,0,,0,,0,0,0,,0,,0,5,4,0,8,2,0,0,0,,8,0,0,0,0,,,0,0,,3,,5,0,0,0,0,,,0,3,0,0,2,1,,,2,0,,,,0,2,0,0,,0,,,,,4,1,,,,,0,0,,,,,,,,,0,0,,,,0,0,0,,0,,0,0,,,,,,0,4,,,,,,0,0,0,0,2,
Total M,,0,0,9,,2,0,0,0,,0,,0,0,0,,0,,0,6,5,0,24,2,0,0,0,,20,0,0,0,0,,,0,0,,4,,26,0,0,0,0,,,0,3,0,3,9,2,,,3,0,,,,0,5,3,0,,0,,,,,23,6,,,,,0,1,,,,,,,,,0,0,,,,0,0,0,,0,,0,0,,,,,,0,13,,,,,,0,0,0,0,13,
Distance,,1339.2937088185,2062.5145750789,960.7397088293,,862.2854397201,753.1906395023,3806.5012628,1224.2641338949,,1390.6376491208,,1122.586855831,2062.1640843791,810.8413576677,,354.9902691673,,555.3766368523,532.3823364484,1099.6560516781,1904.1447769425,702.4475455997,672.7288329665,1608.1413025839,1048.5812247867,920.6998326283,,1268.8118675492,589.4041044772,965.9810702254,602.3379493063,803.8920270538,,,1224.3837898707,1209.1325318923,,621.9747317631,,61.8069957831,727.1667722795,1688.8788103918,1198.7471337477,1203.1399377501,,,931.9361533487,1062.0188653952,1584.0774233533,161.8939374451,981.6448495938,1186.1685540347,,,4280.273457465,5450.0453391855,,,,2324.3535527881,5111.924079562,2385.6011162047,2974.6957321312,,3657.0018519374,,4602.8003071464,,,2801.0252119497,4799.0019351286,,,,,1854.7054665501,2608.2236200243,,,,,,,,,3479.3384673615,6277.5907339107,,,,8917.1750718486,9367.4390159707,10889.9267776237,,7775.6358855533,,6041.1415521459,7746.9423171641,,,,,,9208.6036066417,3182.8757616373,,,,,,5053.2398565284,5534.9216854827,4686.8535396129,4940.0196006524,4482.481198509,
1998,,3,7,96,4,59,1,1,8,,19,,6,1,61,,12,,20,85,106,4,125,34,13,17,7,6,113,29,8,7,1,3,,2,4,,22,,76,39,2,16,,,2,37,34,12,99,69,56,,,57,7,,1,1,3,156,60,1,,3,,8,,,122,37,,,,,1,4,,,,,,1,,,,2,,,,23,,8,,2,,1,3,,,,1,,,144,,,1,6,,6,,6,2,186,1
Men,,2,4,73,2,44,1,1,7,,8,,4,1,48,,5,,15,51,75,3,78,27,10,8,4,6,79,21,5,5,1,2,,1,4,,10,,49,24,1,12,,,1,29,21,7,53,50,30,,,15,6,,1,1,2,92,45,1,,3,,2,,,79,26,,,,,1,2,,,,,,1,,,,1,,,,15,,4,,1,,1,3,,,,1,,,81,,,1,5,,6,,6,2,105,0
Women,,1,3,23,2,15,0,0,1,,11,,2,0,13,,7,,5,34,31,1,47,7,3,9,3,0,34,8,3,2,0,1,,1,0,,12,,27,15,1,4,,,1,8,13,5,46,19,26,,,42,1,,0,0,1,64,15,0,,0,,6,,,43,11,,,,,0,2,,,,,,0,,,,1,,,,8,,4,,1,,0,0,,,,0,,,63,,,0,1,,0,,0,0,81,1
Sports,,1,4,12,1,9,1,1,3,,6,,3,1,9,,6,,5,10,12,2,14,7,6,6,1,2,13,6,2,4,1,2,,1,1,,3,,10,10,2,6,,,1,7,8,4,10,12,10,,,7,3,,1,1,1,14,8,1,,2,,2,,,12,8,,,,,1,3,,,,,,1,,,,2,,,,8,,6,,2,,1,1,,,,1,,,12,,,1,2,,1,,2,1,14,1
Gold,,0,0,3,0,0,0,0,0,,1,,0,0,1,,0,,0,2,2,0,12,0,0,0,0,0,2,0,0,0,0,0,,0,0,,5,,10,0,0,0,,,0,0,0,0,0,2,0,,,0,0,,0,0,0,5,0,0,,0,,0,,,9,3,,,,,0,0,,,,,,0,,,,0,,,,0,,0,,0,,0,0,,,,0,,,6,,,0,0,,0,,0,0,6,0
Silver,,0,0,5,0,0,0,0,0,,0,,0,0,1,,1,,0,4,1,0,9,0,0,0,0,0,6,0,0,0,0,0,,0,0,,4,,10,0,0,0,,,0,0,0,0,2,2,1,,,6,0,,0,0,0,1,0,0,,0,,0,,,6,1,,,,,0,0,,,,,,0,,,,0,,,,0,,0,,0,,0,0,,,,0,,,5,,,0,0,,0,,0,0,3,0
Bronze,,0,0,9,0,2,0,0,0,,0,,0,0,1,,0,,0,6,5,0,8,1,0,0,0,0,2,0,0,0,0,0,,0,0,,2,,5,0,0,0,,,0,0,0,0,1,3,0,,,2,0,,0,0,0,4,2,0,,0,,0,,,3,2,,,,,0,0,,,,,,0,,,,0,,,,0,,0,,0,,0,0,,,,0,,,4,,,0,0,,0,,0,0,4,0
Total M,,0,0,17,0,2,0,0,0,,1,,0,0,3,,1,,0,12,8,0,29,1,0,0,0,0,10,0,0,0,0,0,,0,0,,11,,25,0,0,0,,,0,0,0,0,3,7,1,,,8,0,,0,0,0,10,2,0,,0,,0,,,18,6,,,,,0,0,,,,,,0,,,,0,,,,0,,0,,0,,0,0,,,,0,,,15,,,0,0,,0,,0,0,13,0
Distance,,6327.4413970923,4808.0810587148,5713.6247787674,4676.9003579425,4973.806850779,5787.7695405858,7450.9152704329,5728.3981191562,,5521.5436380527,,5754.9012791708,5544.9298732526,5523.4348794758,,5354.3571409485,,4782.6710605665,4576.8504400631,6114.9797578163,4803.1598298596,5646.9546473927,5743.7119873884,5823.8322822245,5513.4364880713,5300.5170486819,5923.3686968662,5963.5051526258,4896.6652314758,5837.7780192561,4969.8959370125,5791.8606605309,5688.9594175727,,5194.1989034014,6088.237845858,,5650.4637436315,,5040.107914261,5274.7108276782,6757.9289527142,5384.7954247465,,,5602.2058451816,5449.9215039666,5728.9958131667,6626.9487566157,4928.9850027921,5891.7262302238,5000.0958134775,,,1854.4146336868,1367.4729628746,,3831.3442817213,4706.4124693806,5614.2338880625,44.9564371785,3545.3767790188,3341.9737448925,,1824.6567297767,,649.133541465,,,2328.4676477195,591.4946720283,,,,,5289.3133788699,3884.0984293525,,,,,,6744.0682750953,,,,8657.1820567779,,,,4412.0441249566,,5826.600187239,,11182.1988371929,,10426.3515542502,10704.1622032553,,,,11601.5334440487,,,5113.0457007274,,,1652.8635136793,7653.5365626489,,7992.0467775921,,8321.6063425584,8922.2314566138,6196.9118931828,8357.5261730994
2002,,3,9,90,4,64,6,1,2,,23,,13,1,76,,11,,17,98,114,4,157,49,10,25,6,6,109,47,8,8,,2,,5,5,,27,,77,27,,21,1,,6,49,40,7,102,110,68,,,66,6,2,1,2,5,103,50,2,2,4,1,,,,151,46,,1,1,,3,6,,1,,,,1,,,,1,,,,25,1,10,,11,,10,6,,,,,,,150,1,,,,,2,3,,3,202,4
Men,,2,5,71,3,44,6,1,2,,13,,8,1,57,,5,,14,62,87,3,88,31,6,14,4,5,63,42,7,5,,2,,3,5,,14,,50,22,,11,1,,5,38,24,4,56,80,46,,,21,6,0,1,2,2,59,20,2,1,3,1,,,,85,31,,1,1,,2,3,,1,,,,1,,,,1,,,,13,1,7,,8,,8,4,,,,,,,85,1,,,,,2,3,,3,115,3
Women,,1,4,19,1,20,0,0,0,,10,,5,0,19,,6,,3,36,27,1,69,18,4,11,2,1,46,5,1,3,,0,,2,0,,13,,27,5,,10,0,,1,11,16,3,46,30,22,,,45,0,2,0,0,3,44,30,0,1,1,0,,,,66,15,,0,0,,1,3,,0,,,,0,,,,0,,,,12,0,3,,3,,2,2,,,,,,,65,0,,,,,0,0,,0,87,1
Sports,,1,4,12,2,9,3,1,1,,7,,5,1,13,,2,,5,11,15,3,14,11,5,7,1,4,12,8,2,3,,2,,3,1,,4,,11,9,,8,1,,2,10,8,3,11,13,11,,,7,2,1,1,2,2,14,7,2,1,2,1,,,,15,9,,1,1,,2,2,,1,,,,1,,,,1,,,,5,1,5,,5,,4,2,,,,,,,13,1,,,,,1,2,,1,15,1
Gold,,0,0,3,0,0,0,0,0,,0,,3,0,1,,0,,1,4,4,0,12,1,0,0,0,0,4,0,0,0,,0,,0,0,,3,,13,,,0,0,,0,0,0,0,0,3,0,,,2,0,0,0,0,0,0,0,0,0,0,0,,,,5,2,,0,0,,0,0,,0,,,,0,,,,0,,,,2,0,0,,0,,0,0,,,,,,,7,0,,,,,0,0,,0,10,0
Silver,,0,0,4,0,0,0,0,0,,1,,1,0,2,,0,,1,2,5,0,16,0,0,0,0,0,4,0,0,0,,0,,0,0,,5,,5,1,,0,0,,0,0,0,0,2,2,0,,,2,0,0,0,0,0,1,0,0,0,0,0,,,,4,2,,0,0,,0,0,,0,,,,0,,,,0,,,,0,0,0,,0,,0,0,,,,,,,3,0,,,,,0,0,,0,13,0
Bronze,,0,0,10,0,1,0,0,0,,2,,0,0,0,,0,,1,1,2,0,8,1,0,0,0,0,5,0,0,0,,0,,0,0,,0,,7,1,,0,0,,0,0,1,0,5,6,0,,,4,0,0,0,0,0,1,0,0,0,0,0,,,,4,0,,0,0,,0,0,,0,,,,0,,,,0,,,,0,0,0,,0,,0,0,,,,,,,7,0,,,,,0,0,,0,11,0
Total M,,0,0,17,0,1,0,0,0,,3,,4,0,3,,0,,3,7,11,0,36,2,0,0,0,0,13,0,0,0,,0,,0,0,,8,,25,2,,0,0,,0,0,1,0,7,11,0,,,8,0,0,0,0,0,2,0,0,0,0,0,,,,13,4,,0,0,,0,0,,0,,,,0,,,,0,,,,0,0,0,,0,,0,0,,,,,,,17,0,,,,,0,0,,0,34,0
Distance,,5349.6832569879,6675.0454380997,5489.315542952,6679.3701799054,5534.5560024349,5026.5552594048,2648.9983781125,5809.1899294743,,6060.4825825176,,5671.0573513152,6751.1025548666,5420.2138124085,,4942.5434766439,,5138.6018858633,4846.2898589755,5194.4804228272,6519.406920496,5169.5163947047,4692.2772733743,6211.2838556895,5695.6665794954,3819.9473488074,4540.2294558078,5715.9362615997,5236.3174044109,5382.9793214142,5274.0184513498,,6047.2105909316,,5918.4421496332,5490.896811292,,4998.5394156411,,4641.4778159023,5412.1998870598,,5883.1873505356,5652.6214901615,,5832.8249010345,5587.9036347924,5610.662449006,5256.2852065387,4750.9251618088,5343.3938700378,5860.3673355976,,,6706.1895494385,6854.1764621024,7179.7229140229,8205.388735962,7322.578157852,7013.0118791268,5533.6419957584,6308.335699158,6775.7785350048,6892.7969190427,6029.2214309061,7583.0152226241,,,,5246.9209696304,5885.9874147254,,6927.5324553691,8081.4447810277,,6548.3177155071,6786.3637745491,,7645.8741716522,,,,8992.4907209237,,,,9843.5397711973,,,,8686.6204124446,6192.0881797806,7312.139296029,,5999.2839453049,,5038.8723580194,5546.7209969282,,,,,,,1514.7809925492,2723.4630196774,,,,,2560.9359072768,1355.1223842817,,3704.0175397068,816.6681678194,3176.5785932
2006,1,3,5,73,2,28,4,1,6,,21,,23,1,83,,4,,26,90,82,3,155,39,5,19,5,4,179,57,5,7,1,3,,6,4,,33,,67,45,1,25,1,,6,58,36,16,106,125,52,,,73,1,1,4,2,5,110,55,1,3,2,1,6,,,174,40,,1,1,,6,4,2,,,1,,1,1,,1,3,,,,40,,15,,9,,9,9,,,,,,,191,1,,,,,,,,,204,1
Men,1,3,4,55,1,14,4,1,3,,11,,16,1,63,,0,,17,59,50,2,94,23,3,11,4,3,106,49,3,4,0,2,,3,3,,16,,46,29,1,16,1,,3,45,23,7,63,77,30,,,35,1,0,3,2,3,58,43,1,2,1,1,2,,,100,26,,1,1,,3,2,1,,,1,,1,1,,1,3,,,,23,,10,,5,,6,5,,,,,,,108,1,,,,,,,,,117,1
Women,0,0,1,18,1,14,0,0,3,,10,,7,0,20,,4,,9,31,32,1,61,16,2,8,1,1,73,8,2,3,1,1,,3,1,,17,,21,16,0,9,0,,3,13,13,9,43,48,22,,,38,0,1,1,0,2,52,12,0,1,1,0,4,,,74,14,,0,0,,3,2,1,,,0,,0,0,,0,0,,,,17,,5,,4,,3,4,,,,,,,83,0,,,,,,,,,87,0
Sports,1,2,3,12,1,7,3,1,3,,8,,6,1,13,,1,,6,11,10,2,15,9,3,6,1,3,15,8,2,4,1,2,,3,2,,4,,10,11,1,8,1,,4,9,9,5,9,13,9,,,9,1,1,3,2,2,14,7,1,2,1,1,2,,,15,9,,1,1,,3,2,2,,,1,,1,1,,1,3,,,,10,,5,,5,,4,2,,,,,,,15,1,,,,,,,,,15,1
Gold,0,0,0,9,0,0,0,0,0,,0,,1,0,1,,0,,3,0,3,0,11,0,0,0,0,0,5,0,0,0,0,0,,0,0,,3,,2,0,0,0,0,,0,0,0,0,7,5,0,,,2,0,0,0,0,0,1,0,0,0,0,0,0,,,8,6,,0,0,,0,0,0,,,0,,0,0,,0,0,,,,1,,0,,0,,0,0,,,,,,,7,0,,,,,,,,,9,0
Silver,0,0,0,7,0,1,0,0,0,,1,,2,0,2,,0,,0,6,2,0,12,1,0,0,0,0,0,0,0,0,0,0,,0,0,,2,,8,1,0,0,0,,0,1,0,0,2,4,0,,,4,0,0,0,0,0,0,0,0,0,0,0,0,,,6,3,,0,0,,0,0,0,,,0,,0,0,,0,0,,,,0,,0,,0,,0,0,,,,,,,10,0,,,,,,,,,9,0
Bronze,0,0,0,7,0,0,0,0,0,,0,,0,0,1,,0,,0,3,4,0,6,0,0,0,0,0,6,1,0,0,0,0,,0,0,,4,,9,1,0,0,0,,0,0,0,0,5,5,2,,,5,0,0,0,0,0,0,0,0,0,0,0,0,,,8,2,,0,0,,0,0,0,,,0,,0,0,,0,0,,,,1,,0,,0,,0,0,,,,,,,7,0,,,,,,,,,7,0
Total M,0,0,0,23,0,1,0,0,0,,1,,3,0,4,,0,,3,9,9,0,29,1,0,0,0,0,11,1,0,0,0,0,,0,0,,9,,19,2,0,0,0,,0,1,0,0,14,14,2,,,11,0,0,0,0,0,1,0,0,0,0,0,0,,,22,11,,0,0,,0,0,0,,,0,,0,0,,0,0,,,,2,,0,,0,,0,0,,,,,,,24,0,,,,,,,,,25,0
Distance,707.8915735748,389.5982317141,1912.4068785147,280.9983849672,2017.7618560106,1024.2552250545,370.5219049268,3858.2728118533,522.6708030688,,876.5808430865,,382.1043598775,1524.0164411264,441.7801831958,,693.8540284145,,1171.8060196802,1424.4243947695,273.549042856,1785.9268760816,346.1892434384,696.0696678407,875.0527231999,587.8996088779,1626.29597446,849.1452389851,337.7243070201,1054.778550047,115.5862363361,982.179184476,264.3478032772,768.1645163578,,1011.9158379677,161.9809502246,,453.3146965948,,1105.2886888747,690.6408474071,914.5101338099,828.6775108772,280.2797431877,,624.5634655621,580.3132725339,350.2673473218,723.679318423,1138.9837814163,66.0798617878,1147.0569110892,,,4844.2333009165,6081.3481754521,5862.3345057943,4253.4320651909,2578.5149068236,1757.743317248,5983.1645579896,2770.5351069332,3289.4709586656,1700.9942597524,4342.8916666585,4224.4686825579,5413.0359071104,,,3624.5461532581,5593.3812711893,,3175.587022767,5587.4648325292,,1465.3651963243,2784.0417726999,1275.0440829521,,,3186.8149387628,,3615.6715481281,5187.3863420058,,2550.7433289204,5289.2151839218,,,,9206.4053383343,,11674.4657990084,,7109.0286152666,,5471.4530064469,7191.4720934796,,,,,,,3927.5002517463,5806.119334572,,,,,,,,,4995.8041677643,4486.698979231
2010,1,6,4,75,2,47,8,1,5,,19,1,19,2,90,,17,,30,91,104,6,149,52,7,15,4,6,109,53,4,6,,3,,7,3,1,32,,95,46,1,28,1,10,,68,47,18,101,134,45,,,86,1,1,3,4,3,91,37,2,3,2,1,2,1,,175,45,,1,,,5,3,1,,,1,1,,,1,1,2,,,,40,,16,,7,,5,3,1,,3,,,,201,,,,,,1,1,,,212,
Men,1,4,2,49,1,33,4,1,2,,12,1,12,1,68,,9,,18,58,67,3,93,28,4,6,3,3,69,44,3,4,,2,,5,2,1,15,,70,26,1,14,1,6,,38,30,10,57,78,24,,,30,1,0,3,3,2,48,21,1,1,1,1,1,1,,94,27,,1,,,2,1,1,,,1,1,,,1,1,2,,,,20,,9,,4,,2,2,0,,2,,,,113,,,,,,1,1,,,120,
Women,0,2,2,26,1,14,4,0,3,,7,0,7,1,22,,8,,12,33,37,3,56,24,3,9,1,3,40,9,1,2,,1,,2,1,0,17,,25,20,0,14,0,4,,30,17,8,44,56,21,,,56,0,1,0,1,1,43,16,1,2,1,0,1,0,,81,18,,0,,,3,2,0,,,0,0,,,0,0,0,,,,20,,7,,3,,3,1,1,,1,,,,88,,,,,,0,0,,,92,
Sports,1,3,2,13,1,6,4,1,3,,6,1,4,1,13,,7,,4,10,13,2,15,11,3,5,1,4,13,9,2,3,,2,,4,2,1,4,,11,11,1,9,1,4,,8,10,7,9,14,9,,,10,1,1,3,2,2,14,8,2,1,1,1,2,1,,15,12,,1,,,3,2,1,,,1,1,,,1,1,2,,,,11,,8,,3,,3,1,1,,2,,,,15,,,,,,1,1,,,15,
Gold,0,0,0,4,0,1,0,0,0,,0,0,0,0,2,,0,,0,0,2,0,10,1,0,0,0,0,1,0,0,0,,0,,0,0,0,4,,9,1,0,0,0,0,,1,0,0,5,6,0,,,5,0,0,0,0,0,0,0,0,0,0,0,0,0,,3,6,,0,,,0,0,0,,,0,0,,,0,0,0,,,,2,,0,,0,,0,0,0,,0,,,,14,,,,,,0,0,,,9,
Silver,0,0,0,6,0,1,0,0,0,,0,0,2,0,0,,0,,1,1,3,0,13,0,0,0,0,0,1,2,0,0,,0,,0,0,0,1,,8,3,0,0,0,0,,1,2,0,2,0,0,,,2,0,0,0,0,0,3,1,0,0,0,0,0,0,,5,6,,0,,,0,0,0,,,0,0,,,0,0,0,,,,1,,0,,0,,0,0,0,,0,,,,7,,,,,,0,0,,,15,
Bronze,0,0,0,6,0,1,0,0,0,,0,0,1,0,4,,0,,0,4,6,0,7,0,0,0,0,0,3,0,0,0,,0,,0,0,0,3,,6,2,0,0,0,0,,1,1,0,4,3,0,,,4,0,0,0,0,0,2,0,0,0,0,0,0,0,,7,2,,0,,,0,0,0,,,0,0,,,0,0,0,,,,0,,0,,0,,0,0,0,,0,,,,5,,,,,,0,0,,,13,
Total M,0,0,0,16,0,3,0,0,0,,0,0,3,0,6,,0,,1,5,11,0,30,1,0,0,0,0,5,2,0,0,,0,,0,0,0,8,,23,6,0,0,0,0,,3,3,0,11,9,0,,,11,0,0,0,0,0,5,1,0,0,0,0,0,0,,15,14,,0,,,0,0,0,,,0,0,,,0,0,0,,,,3,,0,,0,,0,0,0,,0,,,,26,,,,,,0,0,,,37,
Distance,5813.0273754799,5270.7681260022,6231.2055331775,5276.2050537826,6212.8069514587,5175.5792393079,4853.4083179709,3180.4543494359,5582.1376880626,,5779.9086161665,3118.1945570545,5456.5998187184,6437.2664508335,5172.5905269073,,4683.7538394137,,4759.4704661955,4437.7444222019,5080.4200333062,6083.1770193138,4959.5603871723,4528.1569783185,5981.3572682735,5432.2535217469,3599.6090329768,4424.4601451699,5540.8885886965,4875.0360528921,5200.7203471612,4925.1316513814,,5799.763648081,,5582.9718089861,5353.9247872592,5728.9772340664,4798.1832119601,,4330.8178108157,5115.9877429659,5146.3864901363,5585.4901460777,5473.9918818741,5641.9886374754,,5317.4625471598,5394.2351437546,5246.5443967279,4413.7934933905,5174.3618599347,5491.7407466718,,,5914.9365033105,6061.0630953886,6379.7472999402,7499.3182809231,6821.6965957462,6697.066831971,4747.9875950336,5688.0699500477,6108.0637303122,6555.7780864789,5253.2553492627,6848.074542027,4945.2938987043,6905.8670091271,,4514.817442706,5086.4532406803,,6282.3512521058,,,6197.8831893242,6189.6776531815,6158.2669175533,,,8323.9648578934,7134.9096685547,,,5662.7183698195,6316.9119670578,10221.0140872835,,,,8221.5036209356,,7315.4757616119,,6801.1667224192,,5792.4126972824,6346.8077734388,4320.7497338292,,4989.9036454926,,,,1332.1219048906,,,,,,3308.485885839,2147.5688120172,,,1508.7225254897,
2014,2,7,4,123,4,25,13,1,5,1,16,1,10,2,83,,12,,23,110,105,4,169,62,6,14,5,5,109,56,8,9,2,3,1,5,5,2,41,,134,63,2,19,2,10,,63,75,20,112,168,41,,,66,2,1,,5,5,137,44,1,2,2,1,,1,1,216,66,,1,2,1,6,3,1,,,,,,,2,,1,,2,1,56,,19,1,7,,10,5,,1,3,,1,,222,,2,,,,2,1,,,224,1
Men,1,3,3,,2,,,1,3,1,,1,,1,,,,,,63,,2,,,4,,3,4,,,,4,2,2,0,3,4,1,,,,,1,,1,,,,,,,,,,,,2,1,,3,4,,,1,1,1,1,,1,1,,,,1,1,1,,2,1,,,,,,,1,,1,,0,1,,,,1,4,,,3,,0,2,,1,,,,1,,,,2,1,,,,0
Women,1,4,1,,2,,,0,2,0,,0,,1,,,,,,35,,2,,,2,,2,1,,,,5,0,1,1,2,1,1,,,,,1,,1,,,,,,,,,,,,0,0,,2,1,,,0,1,1,0,,0,0,,,,0,1,0,,1,0,,,,,,,1,,0,,2,0,,,,0,3,,,2,,1,1,,0,,,,1,,,,0,0,,,,1
Sports,1,4,2,14,2,5,6,1,2,1,6,1,2,1,13,,3,,6,10,12,3,15,13,3,4,2,4,13,9,2,5,2,2,1,4,2,1,7,,12,11,1,7,1,4,,9,11,7,9,12,9,,,8,2,1,,2,2,15,10,1,1,1,1,,1,1,15,13,,1,1,1,3,2,1,,,,,,,1,,1,,2,1,10,,6,1,2,,5,3,,1,2,,1,,14,,1,,,,1,1,,,15,1
Gold,,,,,,,,,,,,,,,,,,,,,,,,,,,,,,,,,,,,,,,,,,,,,,,,,,,,,,,,,,,,,,,,,,,,,,,,,,,,,,,,,,,,,,,,,,,,,,,,,,,,,,,,,,,,,,,,,,,,,
Silver,,,,,,,,,,,,,,,,,,,,,,,,,,,,,,,,,,,,,,,,,,,,,,,,,,,,,,,,,,,,,,,,,,,,,,,,,,,,,,,,,,,,,,,,,,,,,,,,,,,,,,,,,,,,,,,,,,,,,
Bronze,,,,,,,,,,,,,,,,,,,,,,,,,,,,,,,,,,,,,,,,,,,,,,,,,,,,,,,,,,,,,,,,,,,,,,,,,,,,,,,,,,,,,,,,,,,,,,,,,,,,,,,,,,,,,,,,,,,,,
Total M,,,,,,,,,,,,,,,,,,,,,,,,,,,,,,,,,,,,,,,,,,,,,,,,,,,,,,,,,,,,,,,,,,,,,,,,,,,,,,,,,,,,,,,,,,,,,,,,,,,,,,,,,,,,,,,,,,,,,
Distance,1021.6557957195,1910.5025413326,367.9453460519,1298.8937109835,452.5332589476,842.9343732322,1731.6991740557,5360.346998338,1081.1550655431,6023.7171921143,740.8413476735,6672.6041141162,1197.2713780697,693.3705447308,1218.9675696265,0,1561.1062924897,0,1214.2252502025,1510.8603700548,1840.7131983548,220.8243504298,1515.7701826417,1997.2034201961,971.2056516103,984.8029990781,2625.0121174834,2243.2439229229,1349.8528528364,1127.3894340037,1477.1753243297,1103.1720671859,1632.8308258214,906.5159593549,1433.2623103951,571.6856582548,1606.1457913265,1054.0859577697,1667.771474241,0,1749.2428217014,1079.680740388,2451.2313305891,740.0601824502,1359.0244417548,932.6363651825,0,1026.8177769031,1219.2122260593,2240.9413928878,1618.9247203553,1549.7467513992,524.9654672053,0,3881.1737433615,3452.5458366818,4696.6709147831,4413.6898882947,0,1077.8993663588,878.3416034477,4928.1547175597,1388.5315634271,1799.3646637258,705.8117048626,3115.1470369487,2668.2782156129,0,1906.0274567684,5221.4590049255,2699.4695739864,4429.0957271859,0,1645.2098226686,4031.1765381541,6420.0349634622,400.5983740198,1249.8606127248,2298.4158129184,0,0,0,0,0,0,2536.8496064625,3758.120078628,5116.0038811631,0,3383.0916504892,4438.9128792068,7637.9245504266,0,10128.5524212287,9863.8619891735,8425.0071539791,0,6932.4548970652,8608.220258585,0,7676.1968782262,7979.4670259162,0,6612.3007576549,0,4838.4134679454,0,6026.1839286925,0,0,0,6613.7308419958,7239.2688088087,6127.8419236758,0,6186.6299232618,6047.2758486008
