Country,American Samoa,Canada,Costa Rica,Dominica,Guam,Guatemala,Honduras,Jamaica,Mexico,Puerto Rico,Trinidad and Tobago ,United States,Virgin Islands,Argentina,Bolivia,Brazil,Chile,Colombia,Paraguay,Peru,Uruguay,Venezuela,Algeria,Cameroon,Egypt,Ethiopia,Ghana,Kenya,Madagascar,Morocco,Senegal,South Africa,Swaziland,Togo,Zimbabwe,Albania,Andorra,Armenia,Austria,Azerbaijan,Belarus,Belgium,Bermuda,Bosnia,British Virgin Islands,Bulgaria,Cayman Islands,Croatia,Cyprus,Czech Republic,Czechoslovakia,Denmark ,East Germany,Estonia,Finland,France,Georgia,Germany,Great Britain,Greece,Hungary,Iceland,Ireland,Italy,Latvia,Liechtenstein,Lithuania,Luxemburg,"Macedonia, the former Yugoslav Republic of",Malta,Moldova,Monaco,Montenegro,Netherlands,Netherlands Antilles,Norway,Poland,Portugal,Romania,San Marino,Serbia,Serbia and Montenegro,Slovakia,Slovenia,Spain,Sweden,Switzerland,Ukraine,West Germany,Yugoslavia,China,Chinese Taipei,Hong Kong,India,Iran,Israel,Japan,Kazakhstan,Kyrgyzstan,Lebanon,Mongolia,Nepal,North Korea,Pakistan,Philippines,Russia,South Korea,Soviet Union,Tajikistan,Thailand,Timor-Leste,Turkey,Uzbekistan,Australia,Fiji,New Zealand,Tonga,Individual Olympic Athletes,Unified Team
Country Shape File,American Samoa,Canada,Costa Rica,Dominica,Guam,Guatemala,Honduras,Jamaica,Mexico,Puerto Rico,Trinidad and Tobago ,United States of America,Virgin Islands,Argentina,Bolivia,Brazil,Chile,Colombia,Paraguay,Peru,Uruguay,Venezuela,Algeria,Cameroon,Egypt,Ethiopia,Ghana,Kenya,Madagascar,Morocco,Senegal,South Africa,Swaziland,Togo,Zimbabwe,Albania,Andorra,Armenia,Austria,Azerbaijan,Belarus,Belgium,Bermuda,Bosnia and Herzegovina,British Virgin Islands,Bulgaria,Cayman Islands,Croatia,Cyprus,Czech Republic,NAN,Denmark ,Germany,Estonia,Finland,France,Georgia,Germany,United Kingdom,Greece,Hungary,Iceland,Ireland,Italy,Latvia,Liechtenstein,Lithuania,Luxemburg,Macedonia,Malta,Moldova,Monaco,Montenegro,Netherlands,Netherlands,Norway,Poland,Portugal,Romania,San Marino,Serbia,NAN,Slovakia,Slovenia,Spain,Sweden,Switzerland,Ukraine,Germany,NAN,China,Taiwan,Hong Kong,India,Iran,Israel,Japan,Kazakhstan,Kyrgyzstan,Lebanon,Mongolia,Nepal,North Korea,Pakistan,Philippines,Russia,South Korea,NAN,Tajikistan,Thailand,East Timor,Turkey,Uzbekistan,Australia,Fiji,New Zealand,Tonga,India,NAN
Alpha-2 code,AS,CA,CR,DM,GU,GT,HN,JM,MX,PR,TT,US,VI,AR,BO,BR,CL,CO,PY,PE,UY,VE,DZ,CM,EG,ET,GH,KE,MG,MA,SN,ZA,SZ,TG,ZW,AL,AD,AM,AT,AZ,BY,BE,BM,BA,VG,BG,KY,HR,CY,CZ,CS,DK,DE,EE,FI,FR,GE,DE,GB,GR,HU,IS,IE,IT,LV,LI,LT,LU,MK,MT,MD,MC,ME,NL,AN,NO,PL,PT,RO,SM,RS,CS,SK,SI,ES,SE,CH,UA,DE,YU,CN,TW,HK,IN,IR,IL,JP,KZ,KG,LB,MN,NP,KP,PK,PH,RU,KR,SU,TJ,TH,TL,TR,UZ,AU,FJ,NZ,TO,IO,IO
Alpha-3 code,ASM,CAN,CRI,DMA,GUM,GTM,HND,JAM,MEX,PRI,TTO,USA,VIR,ARG,BOL,BRA,CHL,COL,PRY,PER,URY,VEN,DZA,CMR,EGY,ETH,GHA,KEN,MDG,MAR,SEN,ZAF,SWZ,TGO,ZWE,ALB,AND,ARM,AUT,AZE,BLR,BEL,BMU,BIH,VGB,BGR,CYM,HRV,CYP,CZE,CSK,DNK,DEU,EST,FIN,FRA,GEO,DEU,GBR,GRC,HUN,ISL,IRL,ITA,LVA,LIE,LTU,LUX,MKD,MLT,MDA,MCO,MNE,NLD,ANT,NOR,POL,PRT,ROU,SMR,SRB,SCG,SVK,SVN,ESP,SWE,CHE,UKR,DEU,YUG,CHN,TWN,HKG,IND,IRN,ISR,JPN,KAZ,KGZ,LBN,MNG,NPL,PRK,PAK,PHL,RUS,KOR,SUN,TJK,THA,TLS,TUR,UZB,AUS,FJI,NZL,TON,,
Numeric code,16,124,188,212,316,320,340,388,484,630,780,840,850,32,68,76,152,170,600,604,858,862,12,120,818,231,288,404,450,504,686,710,748,768,716,8,20,51,40,31,112,56,60,70,92,100,136,191,196,203,200,208,278,233,246,250,268,276,826,300,348,352,372,380,428,438,440,442,807,470,498,492,499,528,530,578,616,620,642,674,688,891,703,705,724,752,756,804,280,891,156,158,344,356,364,376,392,398,417,422,496,524,408,586,608,643,410,810,762,764,626,792,860,36,242,554,776,,
Latitude (average),-14.3333,60,10,15.4167,13.4667,15.5,15,18.25,23,18.25,11,38,18.3333,-34,-17,-10,-30,4,-23,-10,-33,8,28,6,27,8,8,1,-20,32,14,-29,-26.5,8,-20,41,42.5,40,47.3333,40.5,53,50.8333,32.3333,44,18.5,43,19.5,45.1667,35,49.75,49.75,56,51,59,64,46,42,51,54,39,47,65,53,42.8333,57,47.1667,56,49.75,41.8333,35.8333,47,43.7333,42,52.5,12.25,62,52,39.5,46,43.7667,44,44.8167,48.6667,46,40,62,47,49,51,44.8206,35,23.5,22.25,20,32,31.5,36,48,41,33.8333,46,28,40,30,13,60,37,55.75,39,15,-8.55,39,41,-27,-18,-41,-20,20,55.75
Longitude (average),-170,-95,-84,-61.3333,144.7833,-90.25,-86.5,-77.5,-102,-66.5,-61,-97,-64.8333,-64,-65,-55,-71,-72,-58,-76,-56,-66,3,12,30,38,-2,38,47,-5,-14,24,31.5,1.1667,30,20,1.6,45,13.3333,47.5,28,4,-64.75,18,-64.5,25,-80.5,15.5,33,15.5,15.5,10,9,26,26,2,43.5,9,-2,22,20,-18,-8,12.8333,25,9.5333,24,6.1667,22,14.5833,29,7.4,19,5.75,-68.75,10,20,-8,25,12.4167,21,20.4667,19.5,15,-4,15,8,32,9,20.4622,105,121,114.1667,77,53,34.75,138,68,75,35.8333,105,84,127,70,122,100,127.5,37.6167,71,100,125.5167,35,64,133,175,174,-175,77,37.6167
Population (2012),55128,34880491,4805295,71684,15082831,162810,7935846,2712100,120847477,3667084,1337439,313914040,105275,41086927,10496285,198656019,17464814,47704427,6687361,29987800,3395253,29954782,38481705,21699631,80721874,91728849,25366462,43178141,22293914,32521143,13726021,51189306.61,1230985,6642928,13724317,3162083,78360,2969081,8462446,9297507,9464000,11142157,64806,3833916,27800,7304632,57570,4267000,1128994,10514810,15600000,5590478,16666,1339396,5414293,65696689,4511800,81889839,63227526,11280167,9943755,320137,4588798,60917978,2025473,36656,2985509,531441,2105575,418366,3559541,37579,621081,16767705,227049,5018869,38542737,10526703,21326905,31247,7223887,10830000,5410267,2058152,46217961,9516617,7997152,45593300,63250000,23720000,1350695000,23268087,7154600,1236686732,76424443,7907900,127561489,16797459,5582100,4424888,2796484,27474377,24763188,179160111,96706764,143533000,50004000,293000000,8008990,66785001,1210233,73997128,29776850,22683600,874742,4433100,104941,,293000000
GDP,333800000,1.82142E+12,45103963693,479688889,2773000000,50233749191,18434022403,14755051129,1.17813E+12,1.01496E+11,23320256743,1.62446E+13,1996000000,4.75502E+11,27035110130,2.25266E+12,2.69869E+11,3.69606E+11,25502060502,2.0379E+11,49919727146,3.81286E+11,2.05789E+11,25321590402,2.62832E+11,41605361646,40710781539,40697163224,9975124872,95981572517,14045759802,3.843E+11,3744472287,3813834650,9802360203,12648095824,3712000000,9950522733,3.94708E+11,66604589419,63267017440,4.83262E+11,5473536000,17465958606,839700000,50972109857,1012000000,59228247411,22766912960,1.96446E+11,56000000000,3.14887E+11,,22390242609,2.47546E+11,2.61288E+12,15747288816,3.42813E+12,2.47178E+12,2.49099E+11,1.246E+11,13578943167,2.10771E+11,2.01467E+12,28372577697,4826167676,42343521966,55178452044,9612518136,8721923077,7252769934,6074506533,4373170812,7.70555E+11,4000000000,4.99667E+11,4.89795E+11,2.12274E+11,1.92711E+11,1899809580,37488935010,25980000000,91148717949,45279487180,1.32296E+12,5.23806E+11,6.31173E+11,1.76309E+11,,120100000,8.2271E+12,4.74E+11,2.63259E+11,1.84171E+12,5.1406E+11,2.58217E+11,5.95972E+12,2.03521E+11,6474843799,42945273632,10271393281,18962962963,12380000000,2.25143E+11,2.50182E+11,2.01477E+12,1.1296E+12,2.2E+12,6972163026,3.65966E+11,1293000000,7.89257E+11,51112745669,1.53241E+12,3907563305,1.67347E+11,471575497.3,,
Land Area (sq km),,9093510,51060,750,540,107160,111890,10830,1943950,8870,5130,9147420,350,2736690,1083300,8459420,743532,1109500,397300,1280000,175020,882050,200,472710,995450,1000000,227540,569140,581540,446300,192530,1213090,17200,54390,386850,27400,470,28480,82409,82658,202910,30280,50,51000,,108560,240,,9240,77240,,42430,,42390,303890,547660,69490,348570,241930,128900,90530,100250,68890,294140,62200,160,62674,2590,25220,320,32854,2,13450,33730,,304250,304150,91470,230160,60,87460,,48088,20140,498800,410340,40000,579320,,,9327489.9,,1042,2973190,1628550,21640,364500,2699700,191800,10230,1553560,143350,120410,770880,298170,16376870,97100,,139960,510890,14870,769630,425400,7682300,18270,263310,720,,
CO2 emissions (kt),,499137.372,7770.373,135.679,,11118.344,8107.737,7157.984,443673.997,,50681.607,5433056.536,,180511.742,15456.405,419754.156,72258.235,75679.546,5075.128,57579.234,6644.604,201747.339,,7234.991,204776.281,6494.257,8998.818,12427.463,2013.183,50608.267,7058.975,460124.159,1023.093,1540.14,9427.857,4283.056,517.047,4220.717,66897.081,45731.157,62221.656,108946.57,476.71,31125.496,,44678.728,590.387,,7708.034,111751.825,,46303.209,,18338.667,61843.955,361272.84,6241.234,745383.756,493504.86,86717.216,50582.598,1961.845,39999.636,406307.267,7616.359,,13560.566,10828.651,10872.655,2588.902,4855.108,,2581.568,182077.551,,57186.865,317254.172,52361.093,78745.158,,45962.178,,36094.281,15328.06,269674.847,52515.107,,304804.707,,,8286891.952,,36288.632,2008822.937,571611.96,70655.756,1170715.419,248728.943,6398.915,20403.188,11510.713,3755.008,71623.844,161395.671,81590.75,1740776.238,567567.259,,2860.26,295281.508,183.35,298002.422,104443.494,373080.58,1290.784,31550.868,157.681,,
Continent,North America,North America,North America,North America,North America,North America,North America,North America,North America,North America,North America,North America,North America,South America,South America,South America,South America,South America,South America,South America,South America,South America,Africa,Africa,Africa,Africa,Africa,Africa,Africa,Africa,Africa,Africa,Africa,Africa,Africa,Europe,Europe,Europe,Europe,Europe,Europe,Europe,Europe,Europe,Europe,Europe,Europe,Europe,Europe,Europe,Europe,Europe,Europe,Europe,Europe,Europe,Europe,Europe,Europe,Europe,Europe,Europe,Europe,Europe,Europe,Europe,Europe,Europe,Europe,Europe,Europe,Europe,Europe,Europe,Europe,Europe,Europe,Europe,Europe,Europe,Europe,Europe,Europe,Europe,Europe,Europe,Europe,Europe,Europe,Europe,Asia,Asia,Asia,Asia,Asia,Asia,Asia,Asia,Asia,Asia,Asia,Asia,Asia,Asia,Asia,Asia,Asia,Asia,Asia,Asia,Asia,Asia,Asia,Oceania,Oceania,Oceania,Oceania,,
1924,,12,,,,,,,,,,24,,,,,,,,,,,,,,,,,,,,,,,,,,,4,,,18,,,,,,,,,27,,,,17,43,,,44,,4,,,23,2,,, ,,,,,,,,14,7,,,,,,,,,31,30,,,4,,,,7,,,,,,,,1,,,,,,,,,,,,,,,,,
Men,,11,,,,,,,,,,22,,,,,,,,,,,,,,,,,,,,,,,,,,,2,,,17,,,,,,,,,27,,,,16,41,,,43,,4,,,23,2,,, ,,,,,,,,13,7,,,,,,,,,31,30,,,4,,,,7,,,,,,,,1,,,,,,,,,,,,,,,,,
Women,,1,,,,,,,,,,2,,,,,,,,,,,,,,,,,,,,,,,,,,,2,,,1,,,,,,,,,0,,,,1,2,,,1,,0,,,0,0,,, ,,,,,,,,1,0,,,,,,,,,0,0,,,0,,,,0,,,,,,,,0,,,,,,,,,,,,,,,,,
Sports,,3,,,,,,,,,,6,,,,,,,,,,,,,,,,,,,,,,,,,,,1,,,4,,,,,,,,,6,,,,6,9,,,6,,2,,,4,2,,, ,,,,,,,,5,5,,,,,,,,,7,7,,,1,,,,1,,,,,,,,1,,,,,,,,,,,,,,,,,
Gold,,1,,,,,,,,,,1,,,,,,,,,,,,,,,,,,,,,,,,,,,2,,,0,,,,,,,,,0,,,,4,0,,,1,,0,,,0,0,,, ,,,,,,,,4,0,,,,,,,,,1,2,,,0,,,,1,,,,,,,,0,,,,,,,,,,,,,,,,,
Silver,,0,,,,,,,,,,2,,,,,,,,,,,,,,,,,,,,,,,,,,,1,,,0,,,,,,,,,0,,,,3,0,,,1,,0,,,0,0,,, ,,,,,,,,7,0,,,,,,,,,1,0,,,0,,,,0,,,,,,,,0,,,,,,,,,,,,,,,,,
Bronze,,0,,,,,,,,,,1,,,,,,,,,,,,,,,,,,,,,,,,,,,0,,,1,,,,,,,,,0,,,,3,2,,,2,,0,,,0,0,,, ,,,,,,,,6,0,,,,,,,,,0,1,,,0,,,,0,,,,,,,,0,,,,,,,,,,,,,,,,,
Total M,,1,,,,,,,,,,4,,,,,,,,,,,,,,,,,,,,,,,,,,,3,,,1,,,,,,,,,0,,,,10,2,,,4,,0,,,0,0,,, ,,,,,,,,17,0,,,,,,,,,2,3,,,0,,,,1,,,,,,,,0,,,,,,,,,,,,,,,,,
Distance,,3912.246178,,,,,,,,,,4969.720491,,,,,,,,,,,,,,,,,,,,,,,,,,,321.8617211,,,364.0606732,,,,,,,,,479.5215809,,,,1449.345053,234.0462256,,,682.5310068,,628.9435402,,,363.7839464,1087.305159,,,,,,,,,,,1118.384664,727.4298199,,,,,,,,,1157.459029,91.86664485,,,663.6936853,,,,4293.346031,,,,,,,,4265.53461,,,,,,,,,,,,,,,,,
1928,,23,,,,,,,5,,,24,,10,,,,,,,,,,,,,,,,,,,,,,,,,39,,,25,,,,,,,,,25,,,2,18,38,,44,32,,13,,,13,1,,1,5,,,,,,7,,25,26,,10,,,,25,,,24,41,,,6,,,,,,,6,,,,,,,,,,,,,,,,,,,,,,
Men,,20,,,,,,,5,,,21,,10,,,,,,,,,,,,,,,,,,,,,,,,,34,,,24,,,,,,,,,24,,,2,17,36,,39,30,,13,,,13,1,,1,5,,,,,,7,,22,26,,10,,,,24,,,24,40,,,6,,,,,,,6,,,,,,,,,,,,,,,,,,,,,,
Women,,3,,,,,,,0,,,3,,0,,,,,,,,,,,,,,,,,,,,,,,,,5,,,1,,,,,,,,,1,,,0,1,2,,5,2,,0,,,0,0,,0,0,,,,,,0,,3,0,,0,,,,1,,,0,1,,,0,,,,,,,0,,,,,,,,,,,,,,,,,,,,,,
Sports,,6,,,,,,,1,,,7,,1,,,,,,,,,,,,,,,,,,,,,,,,,8,,,3,,,,,,,,,5,,,1,5,8,,7,5,,4,,,5,1,,1,1,,,,,,2,,5,5,,1,,,,,,,6,7,,,1,,,,,,,3,,,,,,,,,,,,,,,,,,,,,,
Gold,,1,,,,,,,0,,,2,,0,,,,,,,,,,,,,,,,,,,,,,,,,0,,,0,,,,,,,,,0,,,0,2,1,,0,0,,0,,,0,0,,0,0,,,,,,0,,6,0,,0,,,,0,,,2,0,,,0,,,,,,,0,,,,,,,,,,,,,,,,,,,,,,
Silver,,0,,,,,,,0,,,2,,0,,,,,,,,,,,,,,,,,,,,,,,,,3,,,0,,,,,,,,,0,,,0,1,0,,0,0,,0,,,0,0,,0,0,,,,,,0,,4,0,,0,,,,0,,,2,0,,,0,,,,,,,0,,,,,,,,,,,,,,,,,,,,,,
Bronze,,0,,,,,,,0,,,2,,0,,,,,,,,,,,,,,,,,,,,,,,,,1,,,1,,,,,,,,,1,,,0,1,0,,1,1,,0,,,0,0,,0,0,,,,,,0,,5,0,,0,,,,1,,,1,1,,,0,,,,,,,0,,,,,,,,,,,,,,,,,,,,,,
Total M,,1,,,,,,,0,,,6,,0,,,,,,,,,,,,,,,,,,,,,,,,,4,,,1,,,,,,,,,1,,,0,4,1,,1,1,,0,,,0,0,,0,0,,,,,,0,,15,0,,0,,,,1,,,5,1,,,0,,,,,,,0,,,,,,,,,,,,,,,,,,,,,,
Distance,,3962.043431,,,,,,,6032.622267,,,5058.546412,,7209.420806,,,,,,,,,,,,,,,,,,,,,,,,,175.0092116,,,400.5975259,,,,,,,,,344.5939489,,,1091.44333,1358.219002,375.914119,,313.4006407,734.7182779,,482.477882,,,293.2263184,969.4783108,,895.031904,281.1911772,,,,,,453.3211313,,1071.573894,594.9216167,,724.7666678,,,,474.6101215,,,1090.846145,93.46414581,,,526.0792006,,,,,,,5895.831203,,,,,,,,,,,,,,,,,,,,,,
1932,,42,,,,,,,,,,65,,,,,,,,,,,,,,,,,,,,,,,,,,,7,,,5,,,,,,,,,6,,,,7,8,,20,4,,4,,,12,5,,,4,,,,,,,,19,15,,1,,,,,,,12,7,,,,,,,,,,16,,,,,,,,,,,,,,,,,,,,,,
Men,,38,,,,,,,,,,58,,,,,,,,,,,,,,,,,,,,,,,,,,,6,,,4,,,,,,,,,6,,,,7,7,,20,0,,2,,,12,5,,,4,,,,,,,,18,15,,1,,,,,,,11,7,,,,,,,,,,16,,,,,,,,,,,,,,,,,,,,,,
Women,,4,,,,,,,,,,6,,,,,,,,,,,,,,,,,,,,,,,,,,,1,,,1,,,,,,,,,0,,,,0,1,,0,4,,2,,,0,0,,,0,,,,,,,,1,0,,0,,,,,,,1,0,,,,,,,,,,0,,,,,,,,,,,,,,,,,,,,,,
Sports,,6,,,,,,,,,,8,,,,,,,,,,,,,,,,,,,,,,,,,,,5,,,2,,,,,,,,,4,,,,3,3,,3,1,,1,,,4,2,,,2,,,,,,,,5,4,,1,,,,,,,5,3,,,,,,,,,,5,,,,,,,,,,,,,,,,,,,,,,
Gold,,1,,,,,,,,,,6,,,,,,,,,,,,,,,,,,,,,,,,,,,1,,,0,,,,,,,,,0,,,,1,1,,0,0,,0,,,0,0,,,0,,,,,,,,3,0,,0,,,,,,,1,0,,,,,,,,,,0,,,,,,,,,,,,,,,,,,,,,,
Silver,,1,,,,,,,,,,4,,,,,,,,,,,,,,,,,,,,,,,,,,,1,,,0,,,,,,,,,0,,,,1,0,,0,0,,0,,,0,1,,,0,,,,,,,,4,0,,0,,,,,,,2,1,,,,,,,,,,0,,,,,,,,,,,,,,,,,,,,,,
Bronze,,5,,,,,,,,,,2,,,,,,,,,,,,,,,,,,,,,,,,,,,0,,,0,,,,,,,,,0,,,,1,0,,2,0,,0,,,0,0,,,0,,,,,,,,3,0,,0,,,,,,,0,0,,,,,,,,,,0,,,,,,,,,,,,,,,,,,,,,,
Total M,,7,,,,,,,,,,12,,,,,,,,,,,,,,,,,,,,,,,,,,,2,,,0,,,,,,,,,0,,,,3,1,,2,0,,0,,,0,1,,,0,,,,,,,,10,0,,0,,,,,,,3,1,,,,,,,,,,0,,,,,,,,,,,,,,,,,,,,,,
Distance,,1392.755686,,,,,,,,,,1269.37774,,,,,,,,,,,,,,,,,,,,,,,,,,,3980.676167,,,3494.332253,,,,,,,,,3976.192047,,,,3804.321961,3559.404532,,3684.644204,3178.135097,,4253.601127,,,4130.353725,4034.033999,,,3613.128946,,,,,,,,3410.203684,4057.767866,,4484.936816,,,,,,,3560.615684,3777.319997,,,,,,,,,,6542.373796,,,,,,,,,,,,,,,,,,,,,,
1936,,29,,,,,,,,,,55,,,,,,,,,,,,,,,,,,,,,,,,,,,60,,,27,,,,7,,,,,44,,,5,19,28,,55,38,1,25,,,40,26,4,,,,,,,,8,,31,20,,15,,,,,,6,32,34,,,17,,,,,,,31,,,,,,,,,,,,,,,6,,1,,,,,
Men,,22,,,,,,,,,,46,,,,,,,,,,,,,,,,,,,,,,,,,,,50,,,24,,,,7,,,,,39,,,3,19,28,,48,28,1,22,,,35,23,4,,,,,,,,7,,25,20,,14,,,,,,4,31,30,,,17,,,,,,,30,,,,,,,,,,,,,,,6,,1,,,,,
Women,,7,,,,,,,,,,9,,,,,,,,,,,,,,,,,,,,,,,,,,,10,,,3,,,,0,,,,,5,,,2,0,0,,7,10,0,3,,,5,3,0,,,,,,,,1,,6,0,,1,,,,,,2,1,4,,,0,,,,,,,1,,,,,,,,,,,,,,,0,,0,,,,,
Sports,,7,,,,,,,,,,8,,,,,,,,,,,,,,,,,,,,,,,,,,,8,,,5,,,,2,,,,,8,,,4,5,4,,8,6,2,5,,,7,6,2,,,,,,,,3,,6,6,,5,,,,,,2,7,7,,,4,,,,,,,7,,,,,,,,,,,,,,,2,,1,,,,,
Gold,,0,,,,,,,,,,1,,,,,,,,,,,,,,,,,,,,,,,,,,,1,,,0,,,,0,,,,,0,,,0,1,0,,3,1,0,0,,,0,0,0,,,,,,,,0,,7,0,,0,,,,,,0,2,1,,,0,,,,,,,0,,,,,,,,,,,,,,,0,,0,,,,,
Silver,,1,,,,,,,,,,0,,,,,,,,,,,,,,,,,,,,,,,,,,,1,,,0,,,,0,,,,,0,,,0,2,0,,3,1,0,0,,,0,0,0,,,,,,,,0,,5,0,,0,,,,,,0,2,2,,,0,,,,,,,0,,,,,,,,,,,,,,,0,,0,,,,,
Bronze,,0,,,,,,,,,,3,,,,,,,,,,,,,,,,,,,,,,,,,,,2,,,0,,,,0,,,,,0,,,0,3,1,,0,1,0,1,,,0,0,0,,,,,,,,0,,3,0,,0,,,,,,0,3,0,,,0,,,,,,,0,,,,,,,,,,,,,,,0,,0,,,,,
Total M,,1,,,,,,,,,,4,,,,,,,,,,,,,,,,,,,,,,,,,,,4,,,0,,,,0,,,,,0,,,0,6,1,,6,3,0,1,,,0,0,0,,,,,,,,0,,15,0,,0,,,,,,0,7,3,,,0,,,,,,,0,,,,,,,,,,,,,,,0,,0,,,,,
Distance,,3939.225035,,,,,,,,,,5062.015085,,,,,,,,,,,,,,,,,,,,,,,,,,,105.8787177,,,394.2106089,,,,743.9496805,,,,,254.7371978,,,1001.608113,1272.496051,442.2963837,,259.5581807,725.6961544,803.129825,419.6278403,,,333.6813789,878.8771781,76.18876076,,,,,,,,418.8549371,,1003.317561,504.7854411,1100.966069,666.3853875,,,,,,911.9205677,1014.073963,148.7510332,,,485.3988378,,,,,,,5804.991083,,,,,,,,,,,,,,,1332.656765,,9040.131369,,,,,
1944,,,,,,,,,,,,,,,,,,,,,,,,,,,,,,,,,,,,,,,,,,,,,,,,,,,,,,,,,,,,,,,,,,,,,,,,,,,,,,,,,,,,,,,,,,,,,,,,,,,,,,,,,,,,,,,,,,,,,,,
Men,,,,,,,,,,,,,,,,,,,,,,,,,,,,,,,,,,,,,,,,,,,,,,,,,,,,,,,,,,,,,,,,,,,,,,,,,,,,,,,,,,,,,,,,,,,,,,,,,,,,,,,,,,,,,,,,,,,,,,,
Women,,,,,,,,,,,,,,,,,,,,,,,,,,,,,,,,,,,,,,,,,,,,,,,,,,,,,,,,,,,,,,,,,,,,,,,,,,,,,,,,,,,,,,,,,,,,,,,,,,,,,,,,,,,,,,,,,,,,,,,
Sports,,,,,,,,,,,,,,,,,,,,,,,,,,,,,,,,,,,,,,,,,,,,,,,,,,,,,,,,,,,,,,,,,,,,,,,,,,,,,,,,,,,,,,,,,,,,,,,,,,,,,,,,,,,,,,,,,,,,,,,
Gold,,,,,,,,,,,,,,,,,,,,,,,,,,,,,,,,,,,,,,,,,,,,,,,,,,,,,,,,,,,,,,,,,,,,,,,,,,,,,,,,,,,,,,,,,,,,,,,,,,,,,,,,,,,,,,,,,,,,,,,
Silver,,,,,,,,,,,,,,,,,,,,,,,,,,,,,,,,,,,,,,,,,,,,,,,,,,,,,,,,,,,,,,,,,,,,,,,,,,,,,,,,,,,,,,,,,,,,,,,,,,,,,,,,,,,,,,,,,,,,,,,
Bronze,,,,,,,,,,,,,,,,,,,,,,,,,,,,,,,,,,,,,,,,,,,,,,,,,,,,,,,,,,,,,,,,,,,,,,,,,,,,,,,,,,,,,,,,,,,,,,,,,,,,,,,,,,,,,,,,,,,,,,,
Total M,,,,,,,,,,,,,,,,,,,,,,,,,,,,,,,,,,,,,,,,,,,,,,,,,,,,,,,,,,,,,,,,,,,,,,,,,,,,,,,,,,,,,,,,,,,,,,,,,,,,,,,,,,,,,,,,,,,,,,,
Distance,,,,,,,,,,,,,,,,,,,,,,,,,,,,,,,,,,,,,,,,,,,,,,,,,,,,,,,,,,,,,,,,,,,,,,,,,,,,,,,,,,,,,,,,,,,,,,,,,,,,,,,,,,,,,,,,,,,,,,,
1948,,,,,,,,,,,,,,,,,,,,,,,,,,,,,,,,,,,,,,,,,,,,,,,,,,,,,,,,,,,,,,,,,,,,,,,,,,,,,,,,,,,,,,,,,,,,,,,,,,,,,,,,,,,,,,,,,,,,,,,
Men,,,,,,,,,,,,,,,,,,,,,,,,,,,,,,,,,,,,,,,,,,,,,,,,,,,,,,,,,,,,,,,,,,,,,,,,,,,,,,,,,,,,,,,,,,,,,,,,,,,,,,,,,,,,,,,,,,,,,,,
Women,,,,,,,,,,,,,,,,,,,,,,,,,,,,,,,,,,,,,,,,,,,,,,,,,,,,,,,,,,,,,,,,,,,,,,,,,,,,,,,,,,,,,,,,,,,,,,,,,,,,,,,,,,,,,,,,,,,,,,,
Sports,,,,,,,,,,,,,,,,,,,,,,,,,,,,,,,,,,,,,,,,,,,,,,,,,,,,,,,,,,,,,,,,,,,,,,,,,,,,,,,,,,,,,,,,,,,,,,,,,,,,,,,,,,,,,,,,,,,,,,,
Gold,,,,,,,,,,,,,,,,,,,,,,,,,,,,,,,,,,,,,,,,,,,,,,,,,,,,,,,,,,,,,,,,,,,,,,,,,,,,,,,,,,,,,,,,,,,,,,,,,,,,,,,,,,,,,,,,,,,,,,,
Silver,,,,,,,,,,,,,,,,,,,,,,,,,,,,,,,,,,,,,,,,,,,,,,,,,,,,,,,,,,,,,,,,,,,,,,,,,,,,,,,,,,,,,,,,,,,,,,,,,,,,,,,,,,,,,,,,,,,,,,,
Bronze,,,,,,,,,,,,,,,,,,,,,,,,,,,,,,,,,,,,,,,,,,,,,,,,,,,,,,,,,,,,,,,,,,,,,,,,,,,,,,,,,,,,,,,,,,,,,,,,,,,,,,,,,,,,,,,,,,,,,,,
Total M,,,,,,,,,,,,,,,,,,,,,,,,,,,,,,,,,,,,,,,,,,,,,,,,,,,,,,,,,,,,,,,,,,,,,,,,,,,,,,,,,,,,,,,,,,,,,,,,,,,,,,,,,,,,,,,,,,,,,,,
Distance,,,,,,,,,,,,,,,,,,,,,,,,,,,,,,,,,,,,,,,,,,,,,,,,,,,,,,,,,,,,,,,,,,,,,,,,,,,,,,,,,,,,,,,,,,,,,,,,,,,,,,,,,,,,,,,,,,,,,,,
1948,,28,,,,,,,,,,69,,9,,,4,,,,,,,,,,,,,,,,,,,,,,54,,,11,,,,4,,,,,47,2,,,24,36,,,55,1,22,4,,54,,10,,,,,,,,4,,49,29,,7,,,,,,6,43,70,,,17,,,,,,,,,,2,,,,,,,3,,,,,4,,,,,,,
Men,,24,,,,,,,,,,59,,9,,,4,,,,,,,,,,,,,,,,,,,,,,42,,,10,,,,4,,,,,41,2,,,24,28,,,43,1,17,4,,51,,10,,,,,,,,4,,45,29,,7,,,,,,6,42,59,,,17,,,,,,,,,,2,,,,,,,3,,,,,4,,,,,,,
Women,,4,,,,,,,,,,10,,0,,,0,,,,,,,,,,,,,,,,,,,,,,12,,,1,,,,0,,,,,6,0,,,0,8,,,12,0,5,0,,3,,0,,,,,,,,0,,4,0,,0,,,,,,0,1,11,,,0,,,,,,,,,,0,,,,,,,0,,,,,0,,,,,,,
Sports,,7,,,,,,,,,,9,,2,,,1,,,,,,,,,,,,,,,,,,,,,,8,,,4,,,,3,,,,,8,2,,,5,7,,,6,1,5,2,,9,,2,,,,,,,,1,,7,5,,1,,,,,,1,6,9,,,4,,,,,,,,,,1,,,,,,,1,,,,,1,,,,,,,
Gold,,2,,,,,,,,,,3,,0,,,0,,,,,,,,,,,,,,,,,,,,,,1,,,1,,,,0,,,,,0,0,,,1,2,,,0,0,0,0,,1,,0,,,,,,,,0,,4,0,,0,,,,,,0,4,3,,,0,,,,,,,,,,0,,,,,,,0,,,,,0,,,,,,,
Silver,,0,,,,,,,,,,4,,0,,,0,,,,,,,,,,,,,,,,,,,,,,3,,,1,,,,0,,,,,1,0,,,3,1,,,0,0,1,0,,0,,0,,,,,,,,0,,3,0,,0,,,,,,0,3,4,,,0,,,,,,,,,,0,,,,,,,0,,,,,0,,,,,,,
Bronze,,1,,,,,,,,,,2,,0,,,0,,,,,,,,,,,,,,,,,,,,,,4,,,0,,,,0,,,,,0,0,,,2,2,,,2,0,0,0,,0,,0,,,,,,,,0,,3,0,,0,,,,,,0,3,3,,,0,,,,,,,,,,0,,,,,,,0,,,,,0,,,,,,,
Total M,,3,,,,,,,,,,9,,0,,,0,,,,,,,,,,,,,,,,,,,,,,8,,,2,,,,0,,,,,1,0,,,6,5,,,2,0,1,0,,0,,0,,,,,,,,0,,4,0,,0,,,,,,0,10,10,,,0,,,,,,,,,,0,,,,,,,0,,,,,0,,,,,,,
Distance,,3962.043431,,,,,,,,,,5058.546412,,7209.420806,,,7295.452928,,,,,,,,,,,,,,,,,,,,,,175.0092116,,,400.5975259,,,,781.5002674,,,,,344.5939489,656.7977687,,,1358.219002,375.914119,,,734.7182779,804.8115021,482.477882,1648.213157,,293.2263184,,48.22499917,,,,,,,,453.3211313,,10,594.9216167,,724.7666678,,,,,,827.1119282,1090.846145,93.46414581,,,526.0792006,,,,,,,,,,1617.310845,,,,,,,5499.882789,,,,,1371.353489,,,,,,,
1952,,39,,,,,,,,,,66,,12,,,3,,,,,,,,,,,,,,,,,,,,,,39,,,9,,,,10,,,,,22,1,,,50,26,,53,18,3,12,11,,33,,,,,,,,,,104,,73,30,1,16,,,,,,4,65,55,,,6,,,,,,,13,,,1,,,,,,,19,,,,,51,,9,,3,,,
Men,,31,,,,,,,,,,56,,11,,,3,,,,,,,,,,,,,,,,,,,,,,31,,,9,,,,10,,,,,22,1,,,45,20,,41,8,3,8,11,,28,,,,,,,,,,78,,61,27,1,16,,,,,,4,56,46,,,4,,,,,,,13,,,1,,,,,,,18,,,,,51,,7,,2,,,
Women,,8,,,,,,,,,,10,,1,,,0,,,,,,,,,,,,,,,,,,,,,,8,,,0,,,,0,,,,,0,0,,,5,6,,12,10,0,4,0,,5,,,,,,,,,,26,,12,3,0,0,,,,,,0,9,9,,,2,,,,,,,0,,,0,,,,,,,1,,,,,0,,2,,1,,,
Sports,,6,,,,,,,,,,8,,2,,,1,,,,,,,,,,,,,,,,,,,,,,7,,,3,,,,2,,,,,3,1,,,7,5,,8,3,1,4,3,,6,,,,,,,,,,14,,8,4,1,3,,,,,,1,8,7,,,3,,,,,,,5,,,1,,,,,,,6,,,,,4,,4,,1,,,
Gold,,1,,,,,,,,,,4,,0,,,0,,,,,,,,,,,,,,,,,,,,,,2,,,0,,,,0,,,,,0,0,,,3,0,,3,1,0,0,0,,1,,,,,,,,,,0,,7,0,0,0,,,,,,0,0,0,,,0,,,,,,,0,,,0,,,,,,,0,,,,,2,,0,,0,,,
Silver,,0,,,,,,,,,,6,,0,,,0,,,,,,,,,,,,,,,,,,,,,,4,,,0,,,,0,,,,,0,0,,,4,0,,2,0,0,0,0,,0,,,,,,,,,,5,,3,0,0,0,,,,,,0,0,0,,,0,,,,,,,0,,,0,,,,,,,0,,,,,0,,0,,0,,,
Bronze,,1,,,,,,,,,,1,,0,,,0,,,,,,,,,,,,,,,,,,,,,,2,,,0,,,,0,,,,,0,0,,,2,1,,2,0,0,1,0,,1,,,,,,,,,,0,,6,0,0,0,,,,,,0,4,2,,,0,,,,,,,0,,,0,,,,,,,2,,,,,1,,0,,0,,,
Total M,,2,,,,,,,,,,11,,0,,,0,,,,,,,,,,,,,,,,,,,,,,8,,,0,,,,0,,,,,0,0,,,9,1,,7,1,0,1,0,,2,,,,,,,,,,5,,16,0,0,0,,,,,,0,4,2,,,0,,,,,,,0,,,0,,,,,,,2,,,,,3,,0,,0,,,
Distance,,3251.063692,,,,,,,,,,4537.241893,,7743.814641,,,7725.593956,,,,,,,,,,,,,,,,,,,,,,878.4563528,,,682.8865647,,,,1316.283467,,,,,729.5884664,274.4493214,,,566.9755178,1028.811765,,622.4669266,630.5749056,1529.021829,970.6450803,972.1938735,,1186.582354,,,,,,,,,,549.3387504,,143.9345313,654.4850625,1630.450332,1126.887429,,,,,,1519.162144,200.9394918,902.1909285,,,1120.59438,,,,,,,5165.467254,,,2131.512203,,,,,,,4843.909024,,,,,1790.564816,,8926.942053,,10950.48981,,,
1956,,35,,,,,,,,,,67,,,1,,3,,,,,,,,,,,,,,,,,,,,,,60,,,4,,,,7,,,,,41,,,,31,32,,63,41,3,2,7,,65,,8,,,,,,,,8,,45,51,,19,,,,,,6,58,59,,,17,,,,,3,,10,,,3,,,,,,,4,53,,,,4,,8,,,,,
Men,,27,,,,,,,,,,57,,,1,,3,,,,,,,,,,,,,,,,,,,,,,50,,,4,,,,6,,,,,35,,,,27,25,,52,31,3,1,6,,53,,8,,,,,,,,6,,37,44,,13,,,,,,6,50,51,,,12,,,,,3,,10,,,3,,,,,,,4,47,,,,4,,7,,,,,
Women,,8,,,,,,,,,,10,,,0,,0,,,,,,,,,,,,,,,,,,,,,,10,,,0,,,,1,,,,,6,,,,4,7,,11,10,0,1,1,,12,,0,,,,,,,,2,,8,7,,6,,,,,,0,8,8,,,5,,,,,0,,0,,,0,,,,,,,0,6,,,,0,,1,,,,,
Sports,,7,,,,,,,,,,8,,,1,,1,,,,,,,,,,,,,,,,,,,,,,8,,,3,,,,2,,,,,7,,,,6,6,,8,5,1,1,2,,8,,2,,,,,,,,2,,6,6,,4,,,,,,1,8,7,,,3,,,,,1,,5,,,2,,,,,,,1,6,,,,1,,3,,,,,
Gold,,0,,,,,,,,,,2,,,0,,0,,,,,,,,,,,,,,,,,,,,,,4,,,0,,,,0,,,,,0,,,,3,0,,1,0,0,0,0,,1,,0,,,,,,,,0,,2,0,,0,,,,,,0,2,3,,,0,,,,,0,,0,,,0,,,,,,,0,7,,,,0,,0,,,,,
Silver,,1,,,,,,,,,,3,,,0,,0,,,,,,,,,,,,,,,,,,,,,,3,,,0,,,,0,,,,,0,,,,3,0,,0,0,0,0,0,,2,,0,,,,,,,,0,,1,0,,0,,,,,,0,4,2,,,0,,,,,0,,1,,,0,,,,,,,0,3,,,,0,,0,,,,,
Bronze,,2,,,,,,,,,,2,,,0,,0,,,,,,,,,,,,,,,,,,,,,,4,,,0,,,,0,,,,,0,,,,1,0,,1,0,0,1,0,,0,,0,,,,,,,,0,,1,1,,0,,,,,,0,4,1,,,0,,,,,0,,0,,,0,,,,,,,0,6,,,,0,,0,,,,,
Total M,,3,,,,,,,,,,7,,,0,,0,,,,,,,,,,,,,,,,,,,,,,11,,,0,,,,0,,,,,0,,,,7,0,,2,0,0,1,0,,3,,0,,,,,,,,0,,4,1,,0,,,,,,0,10,6,,,0,,,,,0,,1,,,0,,,,,,,0,16,,,,0,,0,,,,,
Distance,,4022.335787,,,,,,,,,,5142.513769,,,6482.342668,,7394.217949,,,,,,,,,,,,,,,,,,,,,,79.16760875,,,475.1119864,,,,676.1416687,,,,,271.1822542,,,,1318.569101,485.3505612,,340.1251035,807.7170396,721.392391,373.7531623,1700.82974,,258.0908424,,130.4873795,,,,,,,,501.8001905,,1072.571171,517.8538056,1123.560914,615.3389529,,,,,,926.7835816,1075.2382,198.3441916,,,419.1396233,,,,,2373.419303,,5823.105524,,,1519.253828,,,,,,,5418.643939,1265.172904,,,,1266.032724,,8993.317861,,,,,
1960,,44,,,,,,,,,,79,,6,,,5,,,,,,,,,,,,,,,4,,,,,,,26,,,,,,,7,,,,,21,1,,,48,26,,74,17,,3,4,,28,,3,,,,,,,,7,,29,13,,,,,,,,4,47,21,,,,,,,,,,41,,,2,,,,,,,7,62,,,,2,,30,,4,,,
Men,,34,,,,,,,,,,61,,5,,,5,,,,,,,,,,,,,,,1,,,,,,,17,,,,,,,4,,,,,20,1,,,42,18,,56,11,,2,4,,21,,3,,,,,,,,5,,25,7,,,,,,,,3,41,14,,,,,,,,,,36,,,2,,,,,,,5,48,,,,2,,26,,2,,,
Women,,10,,,,,,,,,,18,,1,,,0,,,,,,,,,,,,,,,3,,,,,,,9,,,,,,,3,,,,,1,0,,,6,8,,18,6,,1,0,,7,,0,,,,,,,,2,,4,6,,,,,,,,1,6,7,,,,,,,,,,5,,,0,,,,,,,2,14,,,,0,,4,,2,,,
Sports,,7,,,,,,,,,,8,,2,,,1,,,,,,,,,,,,,,,1,,,,,,,5,,,,,,,2,,,,,4,1,,,6,6,,8,5,,3,2,,6,,1,,,,,,,,2,,6,4,,,,,,,,1,6,4,,,,,,,,,,7,,,1,,,,,,,3,8,,,,1,,6,,1,,,
Gold,,2,,,,,,,,,,3,,0,,,0,,,,,,,,,,,,,,,0,,,,,,,1,,,,,,,0,,,,,0,0,,,2,1,,4,0,,0,0,,0,,0,,,,,,,,0,,3,0,,,,,,,,0,3,2,,,,,,,,,,0,,,0,,,,,,,0,7,,,,0,,0,,0,,,
Silver,,1,,,,,,,,,,4,,0,,,0,,,,,,,,,,,,,,,0,,,,,,,2,,,,,,,0,,,,,1,0,,,3,0,,3,0,,0,0,,0,,0,,,,,,,,1,,3,1,,,,,,,,0,2,0,,,,,,,,,,0,,,0,,,,,,,0,5,,,,0,,0,,0,,,
Bronze,,1,,,,,,,,,,3,,0,,,0,,,,,,,,,,,,,,,0,,,,,,,3,,,,,,,0,,,,,0,0,,,3,2,,1,0,,0,0,,1,,0,,,,,,,,1,,0,1,,,,,,,,0,2,0,,,,,,,,,,0,,,0,,,,,,,0,9,,,,0,,0,,0,,,
Total M,,4,,,,,,,,,,10,,0,,,0,,,,,,,,,,,,,,,0,,,,,,,6,,,,,,,0,,,,,1,0,,,8,3,,8,0,,0,0,,1,,0,,,,,,,,2,,6,2,,,,,,,,0,7,2,,,,,,,,,,0,,,0,,,,,,,0,21,,,,0,,0,,0,,,
Distance,,1807.438076,,,,,,,,,,1256.247267,,6207.966181,,,5737.090147,,,,,,,,,,,,,,,10296.34367,,,,,,,5815.663976,,,,,,,6360.182868,,,,,5731.65322,5246.715709,,,5075.656419,5556.865105,,5495.577975,5033.864746,,6001.465013,4133.803314,,6058.516101,,5721.159868,,,,,,,,5327.614859,,4920.283094,5701.667857,,,,,,,,5651.857348,5017.417235,5686.484131,,,,,,,,,,5246.158164,,,7168.862263,,,,,,,5641.450198,5752.692192,,,,6816.03848,,8230.934837,,6915.315394,,,
1964,,55,,,,,,,,,,90,,12,,,5,,,,,,,,,,,,,,,,,,,,,,83,,,8,,,,7,,,,,46,2,,,51,24,,96,36,3,28,5,,61,,6,,,,,,,,6,,58,51,,27,,,,,,6,57,72,,,31,,,,1,4,,47,,,4,13,,13,,,,7,69,,,,5,,5,,,,,
Men,,43,,,,,,,,,,71,,11,,,5,,,,,,,,,,,,,,,,,,,,,,69,,,7,,,,3,,,,,36,2,,,45,15,,73,27,3,22,5,,53,,6,,,,,,,,4,,51,40,,27,,,,,,6,49,60,,,29,,,,1,4,,41,,,4,10,,6,,,,5,53,,,,5,,3,,,,,
Women,,12,,,,,,,,,,19,,1,,,0,,,,,,,,,,,,,,,,,,,,,,14,,,1,,,,4,,,,,10,0,,,6,9,,23,9,0,6,0,,8,,0,,,,,,,,2,,7,11,,0,,,,,,0,8,12,,,2,,,,0,0,,6,,,0,3,,7,,,,2,16,,,,0,,2,,,,,
Sports,,8,,,,,,,,,,10,,3,,,1,,,,,,,,,,,,,,,,,,,,,,10,,,3,,,,2,,,,,8,2,,,7,5,,10,7,1,6,2,,9,,2,,,,,,,,2,,9,8,,4,,,,,,1,8,10,,,4,,,,1,1,,8,,,1,3,,2,,,,3,8,,,,1,,1,,,,,
Gold,,1,,,,,,,,,,1,,0,,,0,,,,,,,,,,,,,,,,,,,,,,4,,,0,,,,0,,,,,0,0,,,3,3,,3,1,0,0,0,,0,,0,,,,,,,,1,,3,0,,0,,,,,,0,3,0,,,0,,,,0,0,,0,,,0,0,,,,,,0,11,,,,0,,0,,,,,
Silver,,1,,,,,,,,,,2,,0,,,0,,,,,,,,,,,,,,,,,,,,,,5,,,0,,,,0,,,,,0,0,,,4,4,,2,0,0,0,0,,1,,0,,,,,,,,1,,6,0,,0,,,,,,0,3,0,,,0,,,,0,0,,0,,,0,0,,1,,,,0,8,,,,0,,0,,,,,
Bronze,,1,,,,,,,,,,4,,0,,,0,,,,,,,,,,,,,,,,,,,,,,3,,,0,,,,0,,,,,1,0,,,3,0,,2,0,0,0,0,,3,,0,,,,,,,,0,,6,0,,0,,,,,,0,1,0,,,0,,,,0,0,,0,,,0,0,,,,,,0,6,,,,0,,0,,,,,
Total M,,3,,,,,,,,,,7,,0,,,0,,,,,,,,,,,,,,,,,,,,,,12,,,0,,,,0,,,,,1,0,,,10,7,,7,1,0,0,0,,4,,0,,,,,,,,2,,15,0,,0,,,,,,0,7,0,,,0,,,,0,0,,0,,,0,0,,1,,,,0,25,,,,0,,0,,,,,
Distance,,3960.485686,,,,,,,,,,5083.054572,,7299.784256,,,7384.736426,,,,,,,,,,,,,,,,,,,,,,91.53505546,,,415.2586573,,,,725.3646958,,,,,254.9277648,606.6329141,,,1282.639097,453.6620945,,279.6640574,746.9765154,781.8571821,405.4596806,1639.13621,,314.5514851,,87.14243868,,,,,,,,440.0039328,,1019.99476,505.3036049,,651.4453631,,,,,,916.6122248,1028.385301,160.1697838,,,466.9742847,,,,4081.428435,2417.485125,,5808.07358,,,1573.882195,4154.194351,,5231.715555,,,,5410.266262,1261.37486,,,,1314.461604,,9026.910124,,,,,
1968,,70,,,,,,,,,,96,,5,,,4,,,,,,,,,,,,,5,,,,,,,,,76,,,,,,,6,,,,,48,3,57,,52,75,,,38,3,10,4,,47,,9,,,,,,,,9,,65,31,,30,,,,,,20,68,34,,87,30,,,,1,4,,61,,,3,7,,,,,,8,74,,,,11,,3,,6,,,
Men,,55,,,,,,,,,,75,,2,,,3,,,,,,,,,,,,,5,,,,,,,,,63,,,,,,,2,,,,,41,2,45,,44,64,,,28,3,8,4,,39,,8,,,,,,,,4,,54,23,,29,,,,,,20,59,29,,67,29,,,,1,4,,52,,,3,7,,,,,,5,54,,,,11,,3,,4,,,
Women,,15,,,,,,,,,,21,,3,,,1,,,,,,,,,,,,,0,,,,,,,,,13,,,,,,,4,,,,,7,1,12,,8,11,,,10,0,2,0,,8,,1,,,,,,,,5,,11,8,,1,,,,,,0,9,5,,20,1,,,,0,0,,9,,,0,0,,,,,,3,20,,,,0,,0,,2,,,
Sports,,9,,,,,,,,,,10,,1,,,1,,,,,,,,,,,,,1,,,,,,,,,10,,,,,,,2,,,,,8,1,9,,7,10,,,7,2,4,1,,8,,2,,,,,,,,1,,8,7,,5,,,,,,3,9,7,,10,4,,,,1,1,,8,,,1,3,,,,,,4,8,,,,2,,3,,1,,,
Gold,,1,,,,,,,,,,1,,0,,,0,,,,,,,,,,,,,0,,,,,,,,,3,,,,,,,0,,,,,1,0,1,,1,4,,,0,0,0,0,,4,,0,,,,,,,,3,,6,0,,0,,,,,,0,3,0,,2,0,,,,0,0,,0,,,0,0,,,,,,0,5,,,,0,,0,,0,,,
Silver,,1,,,,,,,,,,5,,0,,,0,,,,,,,,,,,,,0,,,,,,,,,4,,,,,,,0,,,,,2,0,2,,2,3,,,0,0,0,0,,0,,0,,,,,,,,3,,6,0,,0,,,,,,0,2,2,,2,0,,,,0,0,,0,,,0,0,,,,,,0,5,,,,0,,0,,0,,,
Bronze,,1,,,,,,,,,,1,,0,,,0,,,,,,,,,,,,,0,,,,,,,,,4,,,,,,,0,,,,,1,0,2,,2,2,,,0,0,0,0,,0,,0,,,,,,,,3,,2,0,,1,,,,,,0,3,4,,3,0,,,,0,0,,0,,,0,0,,,,,,0,3,,,,0,,0,,0,,,
Total M,,3,,,,,,,,,,7,,0,,,0,,,,,,,,,,,,,0,,,,,,,,,11,,,,,,,0,,,,,4,0,5,,5,9,,,0,0,0,0,,4,,0,,,,,,,,9,,14,0,,1,,,,,,0,8,6,,7,0,,,,0,0,,0,,,0,0,,,,,,0,13,,,,0,,0,,0,,,
Distance,,3920.115357,,,,,,,,,,4954.373065,,6996.596975,,,7078.74867,,,,,,,,,,,,,1078.71332,,,,,,,,,392.2933722,,,,,,,966.6801448,,,,,554.0002987,769.4881935,428.4625502,,1517.512185,188.3223269,,,698.9334319,936.1728754,694.624671,1637.878653,,389.3735822,,227.4650972,,,,,,,,504.6673806,,1173.988304,802.1276685,,931.8120905,,,,,,610.8538975,1219.330574,165.5356969,,428.4625502,719.8974602,,,,4349.874654,2669.095394,,6088.886205,,,1773.748543,4454.669652,,,,,,5702.841226,1562.271185,,,,1552.166696,,9306.633759,,11785.59976,,,
1972,,47,,,,,,,,,,103,,2,,,11,,,,,,,,,,,,,,,,,,,,,,40,,,1,,,,4,,,,,41,,42,,50,40,,,37,3,1,,,44,,4,,,,,,,,11,,67,47,,13,,,,,,3,58,151,,78,26,,5,,,4,,85,,,1,4,,6,,2,,5,76,,,,,,4,,2,,,
Men,,29,,,,,,,,,,77,,2,,,9,,,,,,,,,,,,,,,,,,,,,,29,,,1,,,,4,,,,,37,,29,,43,33,,,30,3,0,,,41,,3,,,,,,,,5,,56,39,,13,,,,,,2,49,122,,62,26,,5,,,4,,65,,,1,4,,0,,2,,1,55,,,,,,4,,2,,,
Women,,18,,,,,,,,,,26,,0,,,2,,,,,,,,,,,,,,,,,,,,,,11,,,0,,,,0,,,,,4,,13,,7,7,,,7,0,1,,,3,,1,,,,,,,,6,,11,8,,0,,,,,,1,9,29,,16,0,,0,,,0,,20,,,0,0,,6,,0,,4,21,,,,,,0,,0,,,
Sports,,7,,,,,,,,,,10,,1,,,5,,,,,,,,,,,,,,,,,,,,,,8,,,1,,,,2,,,,,6,,7,,6,9,,,7,1,1,,,9,,2,,,,,,,,2,,8,8,,4,,,,,,1,9,17,,10,4,,2,,,1,,10,,,1,2,,1,,1,,2,9,,,,,,2,,1,,,
Gold,,0,,,,,,,,,,3,,0,,,0,,,,,,,,,,,,,,,,,,,,,,1,,,0,,,,0,,,,,1,,4,,0,0,,,0,0,0,,,2,,0,,,,,,,,4,,2,1,,0,,,,,,1,1,0,,3,0,,0,,,0,,1,,,0,0,,0,,0,,0,8,,,,,,0,,0,,,
Silver,,1,,,,,,,,,,2,,0,,,0,,,,,,,,,,,,,,,,,,,,,,2,,,0,,,,0,,,,,0,,3,,4,1,,,0,0,0,,,2,,0,,,,,,,,3,,5,0,,0,,,,,,0,1,3,,1,0,,0,,,0,,1,,,0,0,,0,,0,,0,5,,,,,,0,,0,,,
Bronze,,0,,,,,,,,,,3,,0,,,0,,,,,,,,,,,,,,,,,,,,,,2,,,0,,,,0,,,,,2,,7,,1,2,,,0,0,0,,,1,,0,,,,,,,,2,,5,0,,0,,,,,,0,2,0,,1,0,,0,,,0,,1,,,0,0,,0,,0,,0,3,,,,,,0,,0,,,
Total M,,1,,,,,,,,,,8,,0,,,0,,,,,,,,,,,,,,,,,,,,,,5,,,0,,,,0,,,,,3,,14,,5,3,,,0,0,0,,,5,,0,,,,,,,,9,,12,1,,0,,,,,,1,4,3,,5,0,,0,,,0,,3,,,0,0,,0,,0,,0,16,,,,,,0,,0,,,
Distance,,4639.509147,,,,,,,,,,5752.144168,,10944.24601,,,10449.59099,,,,,,,,,,,,,,,,,,,,,,5435.812579,,,5464.511968,,,,5308.555084,,,,,5242.642248,,5339.436907,,4254.056774,5800.602315,,,5392.297425,5619.707287,5261.147551,,,5703.071371,,5546.901673,,,,,,,,5327.113048,,4693.643678,4998.04471,,5155.665806,,,,,,6306.918739,4593.495392,5595.916464,,5339.436907,5362.344082,,1782.543532,,,4679.250235,,520.045525,,,5352.034771,1787.079056,,771.1805325,,2377.321672,,843.0366721,4298.077179,,,,,,4872.92094,,6157.571929,,,
1976,,59,,,,,,,,,,106,,8,,,5,,,,,,,,,,,,,,,,,,,,5,,77,,,4,,,,29,,,,,58,,59,,47,35,,,42,4,3,8,,58,,9,,,,,,,,7,,42,56,,32,2,,,,,4,39,59,,71,28,,6,,,4,,58,,,1,,,,,,,3,79,,,,9,,8,,5,,,
Men,,38,,,,,,,,,,76,,8,,,5,,,,,,,,,,,,,,,,,,,,5,,63,,,3,,,,29,,,,,47,,40,,38,29,,,31,4,2,6,,47,,6,,,,,,,,3,,35,43,,32,2,,,,,4,30,52,,56,27,,6,,,4,,50,,,0,,,,,,,1,59,,,,9,,5,,3,,,
Women,,21,,,,,,,,,,30,,0,,,0,,,,,,,,,,,,,,,,,,,,0,,14,,,1,,,,0,,,,,11,,19,,9,6,,,11,0,1,2,,11,,3,,,,,,,,4,,7,13,,0,0,,,,,0,9,7,,15,1,,0,,,0,,8,,,1,,,,,,,2,20,,,,0,,3,,2,,,
Sports,,8,,,,,,,,,,10,,2,,,1,,,,,,,,,,,,,,,,,,,,1,,10,,,2,,,,4,,,,,9,,8,,8,8,,,7,2,1,2,,9,,3,,,,,,,,2,,7,9,,4,1,,,,,1,7,9,,10,4,,4,,,1,,10,,,1,,,,,,,2,9,,,,2,,3,,1,,,
Gold,,1,,,,,,,,,,3,,0,,,0,,,,,,,,,,,,,,,,,,,,0,,2,,,0,,,,0,,,,,0,,7,,2,0,,,1,0,0,0,,1,,0,,,,,,,,1,,3,0,,0,0,,,,,0,0,1,,2,0,,0,,,0,,0,,,0,,,,,,,0,13,,,,0,,0,,0,,,
Silver,,1,,,,,,,,,,3,,0,,,0,,,,,,,,,,,,,,,,,,,,0,,2,,,0,,,,0,,,,,1,,5,,4,0,,,0,0,0,0,,2,,0,,,,,,,,2,,3,0,,0,0,,,,,0,0,3,,5,0,,0,,,0,,0,,,0,,,,,,,0,6,,,,0,,0,,0,,,
Bronze,,1,,,,,,,,,,4,,0,,,0,,,,,,,,,,,,,,,,,,,,0,,2,,,0,,,,0,,,,,0,,7,,1,1,,,0,0,0,0,,1,,2,,,,,,,,3,,1,0,,0,0,,,,,0,2,1,,3,0,,0,,,0,,0,,,0,,,,,,,0,8,,,,0,,0,,0,,,
Total M,,3,,,,,,,,,,10,,0,,,0,,,,,,,,,,,,,,,,,,,,0,,6,,,0,,,,0,,,,,1,,19,,7,1,,,0,0,0,0,,4,,2,,,,,,,,6,,7,0,,0,0,,,,,0,2,5,,10,0,,0,,,0,,0,,,0,,,,,,,0,27,,,,0,,0,,0,,,
Distance,,3960.485686,,,,,,,,,,5083.054572,,7299.784256,,,7384.736426,,,,,,,,,,,,,,,,,,,,580.8954813,,91.53505546,,,415.2586573,,,,725.3646958,,,,,254.9277648,,279.6640574,,1282.639097,453.6620945,,,746.9765154,781.8571821,405.4596806,1639.13621,,314.5514851,,87.14243868,,,,,,,,440.0039328,,1019.99476,505.3036049,,651.4453631,247.0812096,,,,,916.6122248,1028.385301,160.1697838,,279.6640574,466.9742847,,5888.945551,,,2417.485125,,5808.07358,,,1573.882195,,,,,,,5410.266262,1261.37486,,,,1314.461604,,9026.910124,,11481.54803,,,
1980,,59,1,,,,,,,,,101,,13,3,,,,,,,,,,,,,,,,,,,,,,3,,43,,,2,,,,8,,,3,,41,,53,,52,22,,,48,3,2,6,,46,,7,,,,,,,,29,,64,30,,35,,,,,,8,61,44,,80,15,24,,,,,,50,,,3,3,,,,,,10,86,,,,,,9,,5,,,
Men,,41,1,,,,,,,,,76,,13,3,,,,,,,,,,,,,,,,,,,,,,3,,33,,,2,,,,8,,,2,,34,,36,,44,16,,,36,3,1,5,,34,,4,,,,,,,,25,,55,29,,33,,,,,,5,49,33,,61,11,13,,,,,,46,,,2,3,,,,,,6,63,,,,,,5,,3,,,
Women,,18,0,,,,,,,,,25,,0,0,,,,,,,,,,,,,,,,,,,,,,0,,10,,,0,,,,0,,,1,,7,,17,,8,6,,,12,0,1,1,,12,,3,,,,,,,,4,,9,1,,2,,,,,,3,12,11,,19,4,11,,,,,,4,,,1,0,,,,,,4,23,,,,,,4,,2,,,
Sports,,8,1,,,,,,,,,10,,3,1,,,,,,,,,,,,,,,,,,,,,,1,,6,,,1,,,,3,,,1,,7,,8,,7,6,,,7,1,1,2,,8,,2,,,,,,,,2,,7,5,,4,,,,,,3,9,9,,10,5,5,,,,,,10,,,1,2,,,,,,4,9,,,,,,4,,1,,,
Gold,,0,0,,,,,,,,,6,,0,0,,,,,,,,,,,,,,,,,,,,,,0,,3,,,0,,,,0,,,0,,0,,9,,1,0,,,1,0,0,0,,0,,2,,,,,,,,1,,1,0,,0,,,,,,0,3,1,,0,0,0,,,,,,0,,,0,0,,,,,,0,10,,,,,,0,,0,,,
Silver,,1,0,,,,,,,,,4,,0,0,,,,,,,,,,,,,,,,,,,,,,0,,2,,,0,,,,0,,,0,,0,,7,,5,0,,,0,0,1,0,,2,,2,,,,,,,,2,,3,0,,0,,,,,,0,0,1,,2,0,0,,,,,,1,,,0,0,,,,,,0,6,,,,,,0,,0,,,
Bronze,,1,0,,,,,,,,,2,,0,0,,,,,,,,,,,,,,,,,,,,,,0,,2,,,0,,,,1,,,0,,1,,7,,3,1,,,0,0,0,0,,0,,0,,,,,,,,1,,6,0,,0,,,,,,0,1,3,,3,0,0,,,,,,0,,,0,0,,,,,,0,6,,,,,,0,,0,,,
Total M,,2,0,,,,,,,,,12,,0,0,,,,,,,,,,,,,,,,,,,,,,0,,7,,,0,,,,1,,,0,,1,,23,,9,1,,,1,0,1,0,,2,,4,,,,,,,,4,,10,0,,0,,,,,,0,4,5,,5,0,0,,,,,,1,,,0,0,,,,,,0,22,,,,,,0,,0,,,
Distance,,1392.755686,2444.757382,,,,,,,,,1269.37774,,5448.410984,4274.669905,,,,,,,,,,,,,,,,,,,,,,3657.600211,,3980.676167,,,3494.332253,,,,4615.962526,,,5305.973072,,3976.192047,,3684.644204,,3804.321961,3559.404532,,,3178.135097,4671.931396,4253.601127,2535.289275,,4130.353725,,3834.100361,,,,,,,,3514.104222,,3410.203684,4057.767866,,4484.936816,,,,,,3488.980916,3560.615684,3777.319997,,3684.644204,4360.625515,6962.266717,,,,,,6542.373796,,,5476.216366,6201.871121,,,,,,6665.617976,4466.437911,,,,,,10528.8393,,9080.261601,,,
1984,,67,3,,,,,,1,1,,107,,18,3,,4,,,,,,,,1,,,,,4,1,,,,,,2,,65,,,4,,,1,16,,,5,,50,,56,,45,32,,,50,6,9,5,,74,,10,,,,,,1,,13,,58,30,,19,3,,,,,12,60,42,,84,72,37,12,,,,,39,,,4,4,,6,,,,15,99,,,,7,,10,,6,,,
Men,,47,3,,,,,,1,1,,77,,13,3,,4,,,,,,,,1,,,,,4,1,,,,,,2,,58,,,2,,,1,15,,,4,,38,,40,,40,22,,,37,6,7,4,,59,,7,,,,,,1,,9,,50,24,,16,3,,,,,10,51,29,,69,59,21,10,,,,,32,,,4,4,,0,,,,11,74,,,,7,,8,,4,,,
Women,,20,0,,,,,,0,0,,30,,5,0,,0,,,,,,,,0,,,,,0,0,,,,,,0,,7,,,2,,,0,1,,,1,,12,,16,,5,10,,,13,0,2,1,,15,,3,,,,,,0,,4,,8,6,,3,0,,,,,2,9,13,,15,13,16,2,,,,,7,,,0,0,,6,,,,4,25,,,,0,,2,,2,,,
Sports,,8,3,,,,,,1,1,,10,,3,1,,1,,,,,,,,1,,,,,1,1,,,,,,1,,9,,,2,,,1,5,,,1,,8,,8,,6,7,,,7,2,4,2,,9,,0,,,,,,1,,2,,8,6,,6,2,,,,,4,8,8,,10,10,5,5,,,,,9,,,1,1,,1,,,,5,10,,,,2,,5,,1,,,
Gold,,2,0,,,,,,0,0,,4,,0,0,,0,,,,,,,,0,,,,,0,0,,,,,,0,,0,,,0,,,0,0,,,0,,0,,9,,4,0,,,1,0,0,0,,2,,0,,,,,,0,,0,,3,0,,0,0,,,,,0,4,2,,2,0,0,0,,,,,0,,,0,0,,0,,,,0,6,,,,0,,0,,0,,,
Silver,,1,0,,,,,,0,0,,4,,0,0,,0,,,,,,,,0,,,,,0,0,,,,,,0,,0,,,0,,,0,0,,,0,,2,,9,,3,1,,,0,0,0,0,,0,,0,,,,,,0,,0,,2,0,,0,0,,,,,0,2,2,,1,1,0,0,,,,,1,,,0,0,,0,,,,0,10,,,,0,,0,,0,,,
Bronze,,1,0,,,,,,0,0,,0,,0,0,,0,,,,,,,,0,,,,,0,0,,,,,,0,,1,,,0,,,0,0,,,0,,4,,6,,6,2,,,0,0,0,0,,0,,2,,,,,,0,,0,,4,0,,0,0,,,,,0,2,1,,1,0,0,0,,,,,0,,,0,0,,0,,,,0,9,,,,0,,0,,0,,,
Total M,,4,0,,,,,,0,0,,8,,0,0,,0,,,,,,,,0,,,,,0,0,,,,,,0,,1,,,0,,,0,0,,,0,,6,,24,,13,3,,,1,0,0,0,,2,,2,,,,,,0,,0,,9,0,,0,0,,,,,0,8,5,,4,1,0,0,,,,,1,,,0,0,,0,,,,0,25,,,,0,,0,,0,,,
Distance,,4342.063546,6347.468493,,,,,,6478.859488,5104.640669,,5492.465105,,7461.45418,6709.358391,,7593.348805,,,,,,,,1333.597279,,,,,1506.07715,2810.230842,,,,,,848.452466,,342.0913234,,,825.673292,,,4994.840483,338.5858019,,,990.2675427,,429.7713922,,659.2774226,,1425.131591,812.8178366,,,1153.879289,384.5883133,232.0518948,2015.632014,,286.3516486,,484.7590207,,,,,,546.4369338,,831.7275232,,1299.846246,568.6755034,,357.4724784,296.3273071,,,,,1176.38868,1262.283696,547.170714,,659.2774226,123.959839,4452.82581,5699.67582,,,,,5751.013084,,,1164.284844,4020.284732,,5144.461023,,,,5310.708965,1182.303534,,,,923.5280268,,8684.570871,,11190.09044,,,
1988,,113,2,,,,,4,11,9,,118,,15,6,,5,,,,,,,,,,,,,3,,,,,,,4,,81,,,1,,,,26,,,3,,59,1,53,,53,68,,,48,6,5,3,,58,,13,,1,,,,3,,11,2,64,32,5,11,5,,,,,12,67,70,,90,22,13,13,,3,,,48,,,4,3,,6,,1,,22,101,,,,8,,19,1,9,,,
Men,,83,2,,,,,4,10,8,,86,,10,6,,5,,,,,,,,,,,,,3,,,,,,,2,,66,,,0,,,,24,,,2,,49,1,36,,46,53,,,34,5,3,2,,42,,11,,1,,,,3,,6,2,54,28,5,5,5,,,,,7,54,56,,71,16,6,11,,2,,,37,,,4,2,,3,,1,,18,78,,,,8,,17,1,7,,,
Women,,30,0,,,,,0,1,1,,31,,5,0,,0,,,,,,,,,,,,,0,,,,,,,2,,15,,,1,,,,2,,,1,,10,0,17,,7,15,,,14,1,2,1,,16,,2,,0,,,,0,,5,0,10,4,0,6,0,,,,,5,13,14,,19,6,7,2,,1,,,11,,,0,1,,3,,0,,4,23,,,,0,,2,0,2,,,
Sports,,11,2,,,,,1,4,3,,11,,4,1,,1,,,,,,,,,,,,,1,,,,,,,1,,10,,,1,,,,7,,,1,,9,1,8,,7,9,,,8,2,3,2,,8,,3,,1,,,,2,,1,2,8,6,1,4,2,,,,,4,9,7,,10,7,3,4,,1,,,9,,,1,1,,2,,1,,5,10,,,,2,,6,1,3,,,
Gold,,0,0,,,,,0,0,0,,2,,0,0,,0,,,,,,,,,,,,,0,,,,,,,0,,3,,,0,,,,0,,,0,,0,0,9,,4,1,,,0,0,0,0,,2,,0,,0,,,,0,,3,0,0,0,0,0,0,,,,,0,4,5,,2,0,0,0,,0,,,0,,,0,0,,0,,0,,0,11,,,,0,,0,0,0,,,
Silver,,2,0,,,,,0,0,0,,1,,0,0,,0,,,,,,,,,,,,,0,,,,,,,0,,5,,,0,,,,0,,,0,,1,0,10,,1,0,,,0,0,0,0,,1,,0,,0,,,,0,,2,0,3,0,0,0,0,,,,,0,0,5,,4,2,0,0,,0,,,0,,,0,0,,0,,0,,0,9,,,,0,,0,0,0,,,
Bronze,,3,0,,,,,0,0,0,,3,,0,0,,0,,,,,,,,,,,,,0,,,,,,,0,,2,,,0,,,,0,,,0,,2,0,6,,2,1,,,0,0,0,0,,2,,1,,0,,,,0,,2,0,2,0,0,0,0,,,,,0,2,5,,2,1,0,0,,0,,,1,,,0,0,,0,,0,,0,9,,,,0,,0,0,0,,,
Total M,,5,0,,,,,0,0,0,,6,,0,0,,0,,,,,,,,,,,,,0,,,,,,,0,,10,,,0,,,,0,,,0,,3,0,25,,7,2,,,0,0,0,0,,5,,1,,0,,,,0,,7,0,5,0,0,0,0,,,,,0,6,15,,8,3,0,0,,0,,,1,,,0,0,,0,,0,,0,29,,,,0,,0,0,0,,,
Distance,,963.1813089,3309.273559,,,,,3020.607092,2044.26061,3438.040907,,1227.58162,,6620.065739,5559.328902,,6186.735904,,,,,,,,,,,,,5270.22511,,,,,,,4912.244389,,4960.636623,,,4521.83306,,,,5492.748876,,,6167.003153,,4869.521189,4382.708659,4641.353507,,4204.088574,4731.164505,,,4191.945976,5675.182288,5136.593836,3277.543534,,5213.148853,,4873.890971,,4639.149497,,,,5012.917215,,4475.747068,3687.861212,4049.608719,4832.385557,4761.401746,5304.62469,5147.169661,,,,,4870.254846,4144.903196,4842.928423,,4641.353507,5280.311574,6038.65843,6301.201599,,7486.070413,,,5012.876209,,,6296.269651,5341.798222,,5151.702076,,6886.475823,,5306.807742,4884.08474,,,,5942.996029,,8630.678447,6400.285863,7693.709325,,,
1992,,108,4,,,,1,5,20,6,,147,,20,5,7,5,,,,,,4,,,,,,,12,2,,1,,,,5,,58,,,5,1,,,30,,4,4,,74,6,,19,62,109,,111,49,8,24,5,4,107,23,7,6,1,,,,5,,19,2,80,53,,23,3,,,,27,17,73,74,,,25,32,8,,2,,,60,,,4,4,,20,,1,,23,,,,,8,,22,,6,,,129
Men,,79,4,,,,1,5,16,6,,97,,15,5,6,5,,,,,,3,,,,,,,10,2,,1,,,,4,,45,,,4,1,,,22,,3,3,,55,4,,14,49,79,,75,39,7,13,4,4,79,19,6,3,1,,,,5,,9,2,61,41,,14,3,,,,20,13,56,57,,,22,12,8,,2,,,40,,,4,4,,9,,1,,19,,,,,8,,15,,5,,,86
Women,,29,0,,,,0,0,4,0,,50,,5,0,1,0,,,,,,1,,,,,,,2,0,,0,,,,1,,13,,,1,0,,,8,,1,1,,19,2,,5,13,30,,36,10,1,11,1,0,28,4,1,3,0,,,,0,,10,0,19,12,,9,0,,,,7,4,17,17,,,3,20,0,,0,,,20,,,0,0,,11,,0,,4,,,,,0,,7,,1,,,43
Sports,,11,1,,,,1,1,4,2,,12,,5,1,1,1,,,,,,1,,,,,,,2,1,,1,,,,1,,9,,,1,1,,,7,,3,1,,10,3,,4,8,12,,11,9,3,6,2,1,11,6,2,3,1,,,,1,,2,1,11,9,,8,2,,,,6,4,9,8,,,6,6,3,,1,,,11,,,1,2,,5,,1,,6,,,,,2,,9,,2,,,12
Gold,,2,0,,,,0,0,0,0,,5,,0,0,0,0,,,,,,0,,,,,,,0,0,,0,,,,0,,6,,,0,0,,,0,,0,0,,0,0,,0,3,3,,10,0,0,0,0,0,4,0,0,0,0,,,,0,,1,0,9,0,,0,0,,,,0,0,1,1,,,0,0,0,,0,,,1,,,0,0,,0,,0,,2,,,,,0,,0,,0,,,9
Silver,,3,0,,,,0,0,0,0,,4,,0,0,0,0,,,,,,0,,,,,,,0,0,,0,,,,0,,7,,,0,0,,,0,,0,0,,0,0,,0,1,5,,10,0,0,0,0,0,6,0,0,0,2,,,,0,,1,0,6,0,,0,0,,,,0,0,0,0,,,0,3,0,,0,,,2,,,0,0,,0,,0,,1,,,,,0,,0,,1,,,6
Bronze,,2,0,,,,0,0,0,0,,2,,0,0,0,0,,,,,,0,,,,,,,0,0,,0,,,,0,,8,,,0,0,,,0,,0,0,,3,0,,0,3,1,,6,0,0,0,0,0,4,0,0,0,0,,,,0,,2,0,5,0,,0,0,,,,0,1,3,2,,,0,0,0,,0,,,4,,,0,0,,1,,0,,1,,,,,0,,0,,0,,,8
Total M,,7,0,,,,0,0,0,0,,11,,0,0,0,0,,,,,,0,,,,,,,0,0,,0,,,,0,,21,,,0,0,,,0,,0,0,,3,0,,0,7,9,,26,0,0,0,0,0,14,0,0,0,2,,,,0,,4,0,20,0,,0,0,,,,0,1,4,3,,,0,3,0,,0,,,7,,,0,0,,1,,0,,4,,,,,0,,0,,1,,,23
Distance,,3912.570861,5747.426441,,,,5621.135587,5037.315018,5918.253205,4508.416705,,4961.295818,,7042.463145,6205.962165,5403.211072,7123.436875,,,,,,1236.065799,,,,,,,1124.546998,2492.032281,,5233.309328,,,,323.7428436,,349.3757302,,,373.0681671,3802.939444,,,936.1763913,,443.0468023,1574.025562,,508.1110539,730.5822511,,1229.385115,1474.188566,212.7464826,,386.9525119,685.356701,919.1271143,654.9912638,1622.160332,820.0716434,374.4225886,1114.957006,181.6435189,1043.340204,281.7941896,,,,143.1650948,,472.6047072,4902.974241,1137.590766,755.9646196,,894.4039446,323.8911132,,,,414.9287964,656.0776151,1179.412259,119.3674179,,,686.414313,4912.087982,6148.775672,,4316.537786,,,6042.973474,,,1751.97251,4408.528618,,5475.449487,,6751.514568,,5656.529446,,,,,1523.567572,,9271.303015,,11742.89388,,,1343.336187
1994,2,95,,,,,,4,1,5,2,147,,10,,1,3,,,,,,,,,,,,,,1,2,,,,,6,2,80,,33,5,1,10,,17,,3,1,63,,4,,26,61,98,5,112,32,9,16,5,,104,27,10,6,1,,,2,5,,21,,88,28,1,23,3,,,42,22,13,84,59,37,,,24,2,,,,1,59,24,1,,1,,,,,113,21,,,,,1,7,25,1,7,,,
Men,2,66,,,,,,4,1,5,2,95,,4,,1,3,,,,,,,,,,,,,,1,1,,,,,4,2,65,,21,2,1,8,,10,,3,0,47,,4,,17,47,68,5,79,25,7,5,4,,78,20,9,3,1,,,1,5,,13,,67,15,1,13,3,,,34,17,8,64,41,20,,,7,2,,,,1,43,19,0,,1,,,,,75,11,,,,,1,3,18,1,5,,,
Women,0,29,,,,,,0,0,0,0,52,,6,,0,0,,,,,,,,,,,,,,0,1,,,,,2,0,15,,12,3,0,2,,7,,0,1,16,,0,,9,14,30,0,33,7,2,11,1,,26,7,1,3,0,,,1,0,,8,,21,13,0,10,0,,,8,5,5,20,18,17,,,17,0,,,,0,16,10,1,,0,,,,,38,10,,,,,0,4,7,0,2,,,
Sports,1,10,,,,,,1,1,1,1,12,,2,,1,1,,,,,,,,,,,,,,1,2,,,,,1,1,10,,7,2,1,4,,7,,2,1,7,,3,,6,8,10,3,11,8,5,5,2,,11,6,3,3,1,,,1,2,,4,,10,8,1,7,2,,,7,3,4,10,10,10,,,5,1,,,,1,11,8,1,,1,,,,,12,5,,,,,1,2,9,1,2,,,
Gold,0,3,,,,,,0,0,0,0,6,,0,,0,0,,,,,,,,,,,,,,0,0,,,,,0,0,2,,0,0,0,0,,0,,0,0,0,,0,,0,0,0,0,9,0,0,0,0,,7,0,0,0,0,,,0,0,,0,,10,0,0,0,0,,,0,0,0,2,3,1,,,0,0,,,,0,1,1,0,,0,,,,,11,4,,,,,0,1,0,0,0,,,
Silver,0,6,,,,,,0,0,0,0,5,,0,,0,0,,,,,,,,,,,,,,0,0,,,,,0,0,3,,2,0,0,0,,0,,0,0,0,,0,,0,1,1,0,7,0,0,0,0,,5,0,0,0,0,,,0,0,,1,,11,0,0,0,0,,,0,0,0,1,4,0,,,1,0,,,,0,2,2,0,,0,,,,,8,1,,,,,0,0,0,0,0,,,
Bronze,0,4,,,,,,0,0,0,0,2,,0,,0,0,,,,,,,,,,,,,,0,0,,,,,0,0,4,,0,0,0,0,,0,,0,0,0,,0,,0,5,4,0,8,2,0,0,0,,8,0,0,0,0,,,0,0,,3,,5,0,0,0,0,,,0,3,0,0,2,1,,,2,0,,,,0,2,0,0,,0,,,,,4,1,,,,,0,0,0,0,0,,,
Total M,0,13,,,,,,0,0,0,0,13,,0,,0,0,,,,,,,,,,,,,,0,0,,,,,0,0,9,,2,0,0,0,,0,,0,0,0,,0,,0,6,5,0,24,2,0,0,0,,20,0,0,0,0,,,0,0,,4,,26,0,0,0,0,,,0,3,0,3,9,2,,,3,0,,,,0,5,3,0,,0,,,,,23,6,,,,,0,1,0,0,0,,,
Distance,9208.603607,3182.875762,,,,,,5053.239857,5534.921685,4686.85354,4940.019601,4482.481199,,7775.635886,,6041.141552,7746.942317,,,,,,,,,,,,,,3479.338467,6277.590734,,,,,1339.293709,2062.514575,960.7397088,,862.2854397,753.1906395,3806.501263,1224.264134,,1390.637649,,1122.586856,2062.164084,810.8413577,,354.9902692,,555.3766369,532.3823364,1099.656052,1904.144777,702.4475456,672.728833,1608.141303,1048.581225,920.6998326,,1268.811868,589.4041045,965.9810702,602.3379493,803.8920271,,,1224.38379,1209.132532,,621.9747318,,61.80699578,727.1667723,1688.87881,1198.747134,1203.139938,,,931.9361533,1062.018865,1584.077423,161.8939374,981.6448496,1186.168554,,,4280.273457,5450.045339,,,,2324.353553,5111.92408,2385.601116,2974.695732,,3657.001852,,4602.800307,,,2801.025212,4799.001935,,,,,1854.705467,2608.22362,8917.175072,9367.439016,10889.92678,,,
1998,,144,,,1,6,,6,,6,2,186,1,2,,1,3,,,,1,,,,,,,1,,,,2,,,,,3,7,96,4,59,1,1,8,,19,,6,1,61,,12,,20,85,106,4,125,34,13,17,7,6,113,29,8,7,1,3,,2,4,,22,,76,39,2,16,,,2,37,34,12,99,69,56,,,57,7,,1,1,3,156,60,1,,3,,8,,,122,37,,,,,1,4,23,,8,,,
Men,,81,,,1,5,,6,,6,2,105,0,1,,1,3,,,,1,,,,,,,1,,,,1,,,,,2,4,73,2,44,1,1,7,,8,,4,1,48,,5,,15,51,75,3,78,27,10,8,4,6,79,21,5,5,1,2,,1,4,,10,,49,24,1,12,,,1,29,21,7,53,50,30,,,15,6,,1,1,2,92,45,1,,3,,2,,,79,26,,,,,1,2,15,,4,,,
Women,,63,,,0,1,,0,,0,0,81,1,1,,0,0,,,,0,,,,,,,0,,,,1,,,,,1,3,23,2,15,0,0,1,,11,,2,0,13,,7,,5,34,31,1,47,7,3,9,3,0,34,8,3,2,0,1,,1,0,,12,,27,15,1,4,,,1,8,13,5,46,19,26,,,42,1,,0,0,1,64,15,0,,0,,6,,,43,11,,,,,0,2,8,,4,,,
Sports,,12,,,1,2,,1,,2,1,14,1,2,,1,1,,,,1,,,,,,,1,,,,2,,,,,1,4,12,1,9,1,1,3,,6,,3,1,9,,6,,5,10,12,2,14,7,6,6,1,2,13,6,2,4,1,2,,1,1,,3,,10,10,2,6,,,1,7,8,4,10,12,10,,,7,3,,1,1,1,14,8,1,,2,,2,,,12,8,,,,,1,3,8,,6,,,
Gold,,6,,,0,0,,0,,0,0,6,0,0,,0,0,,,,0,,,,,,,0,,,,0,,,,,0,0,3,0,0,0,0,0,,1,,0,0,1,,0,,0,2,2,0,12,0,0,0,0,0,2,0,0,0,0,0,,0,0,,5,,10,0,0,0,,,0,0,0,0,0,2,0,,,0,0,,0,0,0,5,0,0,,0,,0,,,9,3,,,,,0,0,0,,0,,,
Silver,,5,,,0,0,,0,,0,0,3,0,0,,0,0,,,,0,,,,,,,0,,,,0,,,,,0,0,5,0,0,0,0,0,,0,,0,0,1,,1,,0,4,1,0,9,0,0,0,0,0,6,0,0,0,0,0,,0,0,,4,,10,0,0,0,,,0,0,0,0,2,2,1,,,6,0,,0,0,0,1,0,0,,0,,0,,,6,1,,,,,0,0,0,,0,,,
Bronze,,4,,,0,0,,0,,0,0,4,0,0,,0,0,,,,0,,,,,,,0,,,,0,,,,,0,0,9,0,2,0,0,0,,0,,0,0,1,,0,,0,6,5,0,8,1,0,0,0,0,2,0,0,0,0,0,,0,0,,2,,5,0,0,0,,,0,0,0,0,1,3,0,,,2,0,,0,0,0,4,2,0,,0,,0,,,3,2,,,,,0,0,0,,0,,,
Total M,,15,,,0,0,,0,,0,0,13,0,0,,0,0,,,,0,,,,,,,0,,,,0,,,,,0,0,17,0,2,0,0,0,,1,,0,0,3,,1,,0,12,8,0,29,1,0,0,0,0,10,0,0,0,0,0,,0,0,,11,,25,0,0,0,,,0,0,0,0,3,7,1,,,8,0,,0,0,0,10,2,0,,0,,0,,,18,6,,,,,0,0,0,,0,,,
Distance,,5113.045701,,,1652.863514,7653.536563,,7992.046778,,8321.606343,8922.231457,6196.911893,8357.526173,11182.19884,,10426.35155,10704.1622,,,,11601.53344,,,,,,,6744.068275,,,,8657.182057,,,,,6327.441397,4808.081059,5713.624779,4676.900358,4973.806851,5787.769541,7450.91527,5728.398119,,5521.543638,,5754.901279,5544.929873,5523.434879,,5354.357141,,4782.671061,4576.85044,6114.979758,4803.15983,5646.954647,5743.711987,5823.832282,5513.436488,5300.517049,5923.368697,5963.505153,4896.665231,5837.778019,4969.895937,5791.860661,5688.959418,,5194.198903,6088.237846,,5650.463744,,5040.107914,5274.710828,6757.928953,5384.795425,,,5602.205845,5449.921504,5728.995813,6626.948757,4928.985003,5891.72623,5000.095813,,,1854.414634,1367.472963,,3831.344282,4706.412469,5614.233888,44.95643718,3545.376779,3341.973745,,1824.65673,,649.1335415,,,2328.467648,591.494672,,,,,5289.313379,3884.098429,4412.044125,,5826.600187,,,
2002,,150,1,,,,,2,3,,3,202,4,11,,10,6,,,,,,,1,,,,1,,,,1,,,,,3,9,90,4,64,6,1,2,,23,,13,1,76,,11,,17,98,114,4,157,49,10,25,6,6,109,47,8,8,,2,,5,5,,27,,77,27,,21,1,,6,49,40,7,102,110,68,,,66,6,2,1,2,5,103,50,2,2,4,1,,,,151,46,,1,1,,3,6,25,1,10,,,
Men,,85,1,,,,,2,3,,3,115,3,8,,8,4,,,,,,,1,,,,1,,,,1,,,,,2,5,71,3,44,6,1,2,,13,,8,1,57,,5,,14,62,87,3,88,31,6,14,4,5,63,42,7,5,,2,,3,5,,14,,50,22,,11,1,,5,38,24,4,56,80,46,,,21,6,0,1,2,2,59,20,2,1,3,1,,,,85,31,,1,1,,2,3,13,1,7,,,
Women,,65,0,,,,,0,0,,0,87,1,3,,2,2,,,,,,,0,,,,0,,,,0,,,,,1,4,19,1,20,0,0,0,,10,,5,0,19,,6,,3,36,27,1,69,18,4,11,2,1,46,5,1,3,,0,,2,0,,13,,27,5,,10,0,,1,11,16,3,46,30,22,,,45,0,2,0,0,3,44,30,0,1,1,0,,,,66,15,,0,0,,1,3,12,0,3,,,
Sports,,13,1,,,,,1,2,,1,15,1,5,,4,2,,,,,,,1,,,,1,,,,1,,,,,1,4,12,2,9,3,1,1,,7,,5,1,13,,2,,5,11,15,3,14,11,5,7,1,4,12,8,2,3,,2,,3,1,,4,,11,9,,8,1,,2,10,8,3,11,13,11,,,7,2,1,1,2,2,14,7,2,1,2,1,,,,15,9,,1,1,,2,2,5,1,5,,,
Gold,,7,0,,,,,0,0,,0,10,0,0,,0,0,,,,,,,0,,,,0,,,,0,,,,,0,0,3,0,0,0,0,0,,0,,3,0,1,,0,,1,4,4,0,12,1,0,0,0,0,4,0,0,0,,0,,0,0,,3,,13,0,,0,0,,0,0,0,0,0,3,0,,,2,0,0,0,0,0,0,0,0,0,0,0,,,,5,2,,0,0,,0,0,2,0,0,,,
Silver,,3,0,,,,,0,0,,0,13,0,0,,0,0,,,,,,,0,,,,0,,,,0,,,,,0,0,4,0,0,0,0,0,,1,,1,0,2,,0,,1,2,5,0,16,0,0,0,0,0,4,0,0,0,,0,,0,0,,5,,5,1,,0,0,,0,0,0,0,2,2,0,,,2,0,0,0,0,0,1,0,0,0,0,0,,,,4,2,,0,0,,0,0,0,0,0,,,
Bronze,,7,0,,,,,0,0,,0,11,0,0,,0,0,,,,,,,0,,,,0,,,,0,,,,,0,0,10,0,1,0,0,0,,2,,0,0,0,,0,,1,1,2,0,8,1,0,0,0,0,5,0,0,0,,0,,0,0,,0,,7,1,,0,0,,0,0,1,0,5,6,0,,,4,0,0,0,0,0,1,0,0,0,0,0,,,,4,0,,0,0,,0,0,0,0,0,,,
Total M,,17,0,,,,,0,0,,0,34,0,0,,0,0,,,,,,,0,,,,0,,,,0,,,,,0,0,17,0,1,0,0,0,,3,,4,0,3,,0,,3,7,11,0,36,2,0,0,0,0,13,0,0,0,,0,,0,0,,8,,25,2,,0,0,,0,0,1,0,7,11,0,,,8,0,0,0,0,0,2,0,0,0,0,0,,,,13,4,,0,0,,0,0,0,0,0,,,
Distance,,1514.780993,2723.46302,,,,,2560.935907,1355.122384,,3704.01754,816.6681678,3176.578593,5999.283945,,5038.872358,5546.720997,,,,,,,7645.874172,,,,8992.490721,,,,9843.539771,,,,,5349.683257,6675.045438,5489.315543,6679.37018,5534.556002,5026.555259,2648.998378,5809.189929,,6060.482583,,5671.057351,6751.102555,5420.213812,,4942.543477,,5138.601886,4846.289859,5194.480423,6519.40692,5169.516395,4692.277273,6211.283856,5695.666579,3819.947349,4540.229456,5715.936262,5236.317404,5382.979321,5274.018451,,6047.210591,,5918.44215,5490.896811,,4998.539416,,4641.477816,5412.199887,,5883.187351,5652.62149,,5832.824901,5587.903635,5610.662449,5256.285207,4750.925162,5343.39387,5860.367336,,,6706.189549,6854.176462,7179.722914,8205.388736,7322.578158,7013.011879,5533.641996,6308.335699,6775.778535,6892.796919,6029.221431,7583.015223,,,,5246.92097,5885.987415,,6927.532455,8081.444781,,6548.317716,6786.363775,8686.620412,6192.08818,7312.139296,,,
2006,,191,1,,,,,,,,,204,1,9,,9,9,,,,,,2,,,1,,1,1,,1,3,,,,1,3,5,73,2,28,4,1,6,,21,,23,1,83,,4,,26,90,82,3,155,39,5,19,5,4,179,57,5,7,1,3,,6,4,,33,,67,45,1,25,1,,6,58,36,16,106,125,52,,,73,1,1,4,2,5,110,55,1,3,2,1,6,,,174,40,,1,1,,6,4,40,,15,,,
Men,,108,1,,,,,,,,,117,1,5,,6,5,,,,,,1,,,1,,1,1,,1,3,,,,1,3,4,55,1,14,4,1,3,,11,,16,1,63,,0,,17,59,50,2,94,23,3,11,4,3,106,49,3,4,0,2,,3,3,,16,,46,29,1,16,1,,3,45,23,7,63,77,30,,,35,1,0,3,2,3,58,43,1,2,1,1,2,,,100,26,,1,1,,3,2,23,,10,,,
Women,,83,0,,,,,,,,,87,0,4,,3,4,,,,,,1,,,0,,0,0,,0,0,,,,0,0,1,18,1,14,0,0,3,,10,,7,0,20,,4,,9,31,32,1,61,16,2,8,1,1,73,8,2,3,1,1,,3,1,,17,,21,16,0,9,0,,3,13,13,9,43,48,22,,,38,0,1,1,0,2,52,12,0,1,1,0,4,,,74,14,,0,0,,3,2,17,,5,,,
Sports,,15,1,,,,,,,,,15,1,5,,4,2,,,,,,2,,,1,,1,1,,1,3,,,,1,2,3,12,1,7,3,1,3,,8,,6,1,13,,1,,6,11,10,2,15,9,3,6,1,3,15,8,2,4,1,2,,3,2,,4,,10,11,1,8,1,,4,9,9,5,9,13,9,,,9,1,1,3,2,2,14,7,1,2,1,1,2,,,15,9,,1,1,,3,2,10,,5,,,
Gold,,7,0,,,,,,,,,9,0,0,,0,0,,,,,,0,,,0,,0,0,,0,0,,,,0,0,0,9,0,0,0,0,0,,0,,1,0,1,,0,,3,0,3,0,11,0,0,0,0,0,5,0,0,0,0,0,,0,0,,3,,2,0,0,0,0,,0,0,0,0,7,5,0,,,2,0,0,0,0,0,1,0,0,0,0,0,0,,,8,6,,0,0,,0,0,1,,0,,,
Silver,,10,0,,,,,,,,,9,0,0,,0,0,,,,,,0,,,0,,0,0,,0,0,,,,0,0,0,7,0,1,0,0,0,,1,,2,0,2,,0,,0,6,2,0,12,1,0,0,0,0,0,0,0,0,0,0,,0,0,,2,,8,1,0,0,0,,0,1,0,0,2,4,0,,,4,0,0,0,0,0,0,0,0,0,0,0,0,,,6,3,,0,0,,0,0,0,,0,,,
Bronze,,7,0,,,,,,,,,7,0,0,,0,0,,,,,,0,,,0,,0,0,,0,0,,,,0,0,0,7,0,0,0,0,0,,0,,0,0,1,,0,,0,3,4,0,6,0,0,0,0,0,6,1,0,0,0,0,,0,0,,4,,9,1,0,0,0,,0,0,0,0,5,5,2,,,5,0,0,0,0,0,0,0,0,0,0,0,0,,,8,2,,0,0,,0,0,1,,0,,,
Total M,,24,0,,,,,,,,,25,0,0,,0,0,,,,,,0,,,0,,0,0,,0,0,,,,0,0,0,23,0,1,0,0,0,,1,,3,0,4,,0,,3,9,9,0,29,1,0,0,0,0,11,1,0,0,0,0,,0,0,,9,,19,2,0,0,0,,0,1,0,0,14,14,2,,,11,0,0,0,0,0,1,0,0,0,0,0,0,,,22,11,,0,0,,0,0,2,,0,,,
Distance,,3927.500252,5806.119335,,,,,,,,,4995.804168,4486.698979,7109.028615,,5471.453006,7191.472093,,,,,,1275.044083,,,3186.814939,,3615.671548,5187.386342,,2550.743329,5289.215184,,,,707.8915736,389.5982317,1912.406879,280.998385,2017.761856,1024.255225,370.5219049,3858.272812,522.6708031,,876.5808431,,382.1043599,1524.016441,441.7801832,,693.8540284,,1171.80602,1424.424395,273.5490429,1785.926876,346.1892434,696.0696678,875.0527232,587.8996089,1626.295974,849.145239,337.724307,1054.77855,115.5862363,982.1791845,264.3478033,768.1645164,,1011.915838,161.9809502,,453.3146966,,1105.288689,690.6408474,914.5101338,828.6775109,280.2797432,,624.5634656,580.3132725,350.2673473,723.6793184,1138.983781,66.07986179,1147.056911,,,4844.233301,6081.348175,5862.334506,4253.432065,2578.514907,1757.743317,5983.164558,2770.535107,3289.470959,1700.99426,4342.891667,4224.468683,5413.035907,,,3624.546153,5593.381271,,3175.587023,5587.464833,,1465.365196,2784.041773,9206.405338,,11674.4658,,,
2010,,201,,,,,,1,1,,,212,,7,,5,3,1,,3,,,1,,,1,1,,,1,1,2,,,,1,6,4,75,2,47,8,1,5,,19,1,19,2,90,,17,,30,91,104,6,149,52,7,15,4,6,109,53,4,6,,3,,7,3,1,32,,95,46,1,28,1,10,,68,47,18,101,134,45,,,86,1,1,3,4,3,91,37,2,3,2,1,2,1,,175,45,,1,,,5,3,40,,16,,,
Men,,113,,,,,,1,1,,,120,,4,,2,2,0,,2,,,1,,,1,1,,,1,1,2,,,,1,4,2,49,1,33,4,1,2,,12,1,12,1,68,,9,,18,58,67,3,93,28,4,6,3,3,69,44,3,4,,2,,5,2,1,15,,70,26,1,14,1,6,,38,30,10,57,78,24,,,30,1,0,3,3,2,48,21,1,1,1,1,1,1,,94,27,,1,,,2,1,20,,9,,,
Women,,88,,,,,,0,0,,,92,,3,,3,1,1,,1,,,0,,,0,0,,,0,0,0,,,,0,2,2,26,1,14,4,0,3,,7,0,7,1,22,,8,,12,33,37,3,56,24,3,9,1,3,40,9,1,2,,1,,2,1,0,17,,25,20,0,14,0,4,,30,17,8,44,56,21,,,56,0,1,0,1,1,43,16,1,2,1,0,1,0,,81,18,,0,,,3,2,20,,7,,,
Sports,,15,,,,,,1,1,,,15,,3,,3,1,1,,2,,,1,,,1,1,,,1,1,2,,,,1,3,2,13,1,6,4,1,3,,6,1,4,1,13,,7,,4,10,13,2,15,11,3,5,1,4,13,9,2,3,,2,,4,2,1,4,,11,11,1,9,1,4,,8,10,7,9,14,9,,,10,1,1,3,2,2,14,8,2,1,1,1,2,1,,15,12,,1,,,3,2,11,,8,,,
Gold,,14,,,,,,0,0,,,9,,0,,0,0,0,,0,,,0,,,0,0,,,0,0,0,,,,0,0,0,4,0,1,0,0,0,,0,0,0,0,2,,0,,0,0,2,0,10,1,0,0,0,0,1,0,0,0,,0,,0,0,0,4,,9,1,0,0,0,0,,1,0,0,5,6,0,,,5,0,0,0,0,0,0,0,0,0,0,0,0,0,,3,6,,0,,,0,0,2,,0,,,
Silver,,7,,,,,,0,0,,,15,,0,,0,0,0,,0,,,0,,,0,0,,,0,0,0,,,,0,0,0,6,0,1,0,0,0,,0,0,2,0,0,,0,,1,1,3,0,13,0,0,0,0,0,1,2,0,0,,0,,0,0,0,1,,8,3,0,0,0,0,,1,2,0,2,0,0,,,2,0,0,0,0,0,3,1,0,0,0,0,0,0,,5,6,,0,,,0,0,1,,0,,,
Bronze,,5,,,,,,0,0,,,13,,0,,0,0,0,,0,,,0,,,0,0,,,0,0,0,,,,0,0,0,6,0,1,0,0,0,,0,0,1,0,4,,0,,0,4,6,0,7,0,0,0,0,0,3,0,0,0,,0,,0,0,0,3,,6,2,0,0,0,0,,1,1,0,4,3,0,,,4,0,0,0,0,0,2,0,0,0,0,0,0,0,,7,2,,0,,,0,0,0,,0,,,
Total M,,26,,,,,,0,0,,,37,,0,,0,0,0,,0,,,0,,,0,0,,,0,0,0,,,,0,0,0,16,0,3,0,0,0,,0,0,3,0,6,,0,,1,5,11,0,30,1,0,0,0,0,5,2,0,0,,0,,0,0,0,8,,23,6,0,0,0,0,,3,3,0,11,9,0,,,11,0,0,0,0,0,5,1,0,0,0,0,0,0,,15,14,,0,,,0,0,3,,0,,,
Distance,,1332.121905,,,,,,3308.485886,2147.568812,,,1508.722525,,6801.166722,,5792.412697,6346.807773,4320.749734,,4989.903645,,,6158.266918,,,8323.964858,7134.909669,,,5662.71837,6316.911967,10221.01409,,,,5813.027375,5270.768126,6231.205533,5276.205054,6212.806951,5175.579239,4853.408318,3180.454349,5582.137688,,5779.908616,3118.194557,5456.599819,6437.266451,5172.590527,,4683.753839,,4759.470466,4437.744422,5080.420033,6083.177019,4959.560387,4528.156978,5981.357268,5432.253522,3599.609033,4424.460145,5540.888589,4875.036053,5200.720347,4925.131651,,5799.763648,,5582.971809,5353.924787,5728.977234,4798.183212,,4330.817811,5115.987743,5146.38649,5585.490146,5473.991882,5641.988637,,5317.462547,5394.235144,5246.544397,4413.793493,5174.36186,5491.740747,,,5914.936503,6061.063095,6379.7473,7499.318281,6821.696596,6697.066832,4747.987595,5688.06995,6108.06373,6555.778086,5253.255349,6848.074542,4945.293899,6905.867009,,4514.817443,5086.453241,,6282.351252,,,6197.883189,6189.677653,8221.503621,,7315.475762,,,
2014,,220,,2,,,,2,1,,,230,1,7,,13,6,,1,3,,1,1,,,,,,,2,,,,2,1,2,6,4,130,4,24,7,1,5,1,18,1,11,2,85,,12,,24,103,105,4,153,56,7,16,5,5,113,58,4,9,1,3,1,4,5,2,41,,134,59,2,24,2,8,,62,66,20,106,168,43,,,66,3,1,3,5,5,113,52,1,2,2,1,,1,1,226,71,,1,2,1,6,3,61,,15,1,,
Men,,121,,1,,,,2,1,,,,0,4,,6,3,,0,2,,1,1,,,,,,,1,,,,0,1,1,4,3,,3,,,1,3,1,,1,,1,,,,,,63,,2,,,4,,3,4,,,,4,1,2,0,3,4,1,,,,,1,,1,,,,,,,,,,,,3,1,3,3,4,,,1,1,1,1,,1,1,,,,1,1,1,,2,,,,1,,
Women,,99,,1,,,,0,0,,,,1,3,,7,3,,1,1,,0,0,,,,,,,1,,,,2,0,1,2,1,,1,,,0,2,0,,0,,1,,,,,,35,,2,,,2,,2,1,,,,5,0,1,1,1,1,1,,,,,1,,1,,,,,,,,,,,,0,0,0,2,1,,,0,1,1,0,,0,0,,,,0,1,0,,1,,,,0,,
Sports,,14,,1,,,,1,1,,,15,1,2,,5,3,,1,2,,1,1,,,,,,,1,,1,,2,1,1,4,2,14,2,5,6,1,2,1,6,1,2,1,13,,3,,6,10,12,3,15,13,3,4,2,4,13,9,2,5,2,2,1,4,2,1,7,,12,11,1,7,1,4,,9,11,7,9,12,9,,,8,2,1,,2,2,15,10,1,1,1,1,,1,1,15,13,,1,1,1,3,2,10,,6,1,,
Gold,0,5,0,0,0,0,0,0,0,0,0,7,0,0,0,0,0,0,0,0,0,0,0,0,0,0,0,0,0,0,0,0,0,0,0,0,0,0,2,0,5,0,0,0,0,0,0,0,0,2,0,0,0,0,1,3,0,8,1,0,0,0,0,0,0,0,0,0,0,0,0,0,0,6,0,9,4,0,0,0,0,0,1,2,0,2,6,0,0,0,3,0,0,0,0,0,1,0,0,0,0,0,0,0,0,6,2,0,0,0,0,0,0,0,0,0,0,0,0
Silver,0,9,0,0,0,0,0,0,0,0,0,5,0,0,0,0,0,0,0,0,0,0,0,0,0,0,0,0,0,0,0,0,0,0,0,0,0,0,6,0,0,0,0,0,0,0,0,1,0,4,0,0,0,0,3,2,0,3,0,0,0,0,0,2,1,0,0,0,0,0,0,0,0,7,0,4,0,0,0,0,0,0,0,1,0,5,3,0,0,0,2,0,0,0,0,0,4,0,0,0,0,0,0,0,0,9,1,0,0,0,0,0,0,2,0,0,0,0,0
Bronze,0,4,0,0,0,0,0,0,0,0,0,11,0,0,0,0,0,0,0,0,0,0,0,0,0,0,0,0,0,0,0,0,0,0,0,0,0,0,1,0,1,0,0,0,0,0,0,0,0,2,0,0,0,0,0,6,0,4,1,0,0,0,0,5,2,0,0,0,0,0,0,0,0,9,0,7,0,0,0,0,0,0,0,4,0,4,1,1,0,0,1,0,0,0,0,0,2,1,0,0,0,0,0,0,0,7,1,0,0,0,0,0,0,1,0,0,0,0,0
Total M,0,18,0,0,0,0,0,0,0,0,0,23,0,0,0,0,0,0,0,0,0,0,0,0,0,0,0,0,0,0,0,0,0,0,0,0,0,0,9,0,6,0,0,0,0,0,0,1,0,8,0,0,0,0,4,11,0,15,2,0,0,0,0,7,3,0,0,0,0,0,0,0,0,22,0,20,4,0,0,0,0,0,1,7,0,11,10,1,0,0,6,0,0,0,0,0,7,1,0,0,0,0,0,0,0,22,4,0,0,0,0,0,0,3,0,0,0,0,0
Distance,0,4838.413468,0,6026.183929,0,0,0,6613.730842,7239.268809,6127.841924,0,6186.629923,6047.275849,8425.007154,0,6932.454897,8608.220259,0,7676.196878,7979.467026,0,6612.300758,2298.415813,0,0,0,0,0,0,2536.849606,3758.120079,5116.003881,0,3383.09165,4438.912879,1021.655796,1910.502541,367.9453461,1298.893711,452.5332589,842.9343732,1731.699174,5360.346998,1081.155066,6023.717192,740.8413477,6672.604114,1197.271378,693.3705447,1218.96757,0,1561.106292,0,1214.22525,1510.86037,1840.713198,220.8243504,1515.770183,1997.20342,971.2056516,984.8029991,2625.012117,2243.243923,1349.852853,1127.389434,1477.175324,1103.172067,1632.830826,906.5159594,1433.26231,571.6856583,1606.145791,1054.085958,1667.771474,0,1749.242822,1079.68074,2451.231331,740.0601825,1359.024442,932.6363652,0,1026.817777,1219.212226,2240.941393,1618.92472,1549.746751,524.9654672,0,3881.173743,3452.545837,4696.670915,4413.689888,0,1077.899366,878.3416034,4928.154718,1388.531563,1799.364664,705.8117049,3115.147037,2668.278216,0,1906.027457,5221.459005,2699.469574,4429.095727,0,1645.209823,4031.176538,6420.034963,400.598374,1249.860613,7637.92455,0,10128.55242,9863.861989,2694.583965,0
