Country,Albania,Algeria,American Samoa,Andorra,Argentina,Armenia,Australia,Austria,Azerbaijan,Belarus,Belgium,Bermuda,Bolivia,Bosnia,Brazil,British Virgin Islands,Bulgaria,Cameroon,Canada,Cayman Islands,Chile,China,Chinese Taipei,Colombia,Costa Rica,Croatia,Cyprus,Czech Republic,Czechoslovakia,Denmark ,Dominica,East Germany,Egypt,Estonia,Ethiopia,Fiji,Finland,France,Georgia,Germany,Ghana,Great Britain,Greece,Guam,Guatemala,Honduras,Hong Kong,Hungary,Iceland,India,Individual Olympic Athletes,Iran,Ireland,Israel,Italy,Jamaica,Japan,Kazakhstan,Kenya,Kyrgyzstan,Latvia,Lebanon,Liechtenstein,Lithuania,Luxemburg,"Macedonia, the former Yugoslav Republic of",Madagascar,Malta,Mexico,Moldova,Monaco,Mongolia,Montenegro,Morocco,Nepal,Netherlands,Netherlands Antilles,New Zealand,North Korea,Norway,Pakistan,Paraguay,Peru,Philippines,Poland,Portugal,Puerto Rico,Romania,Russia,San Marino,Senegal,Serbia,Serbia and Montenegro,Slovakia,Slovenia,South Africa,South Korea,Soviet Union,Spain,Swaziland,Sweden,Switzerland,Tajikistan,Thailand,Timor-Leste,Togo,Tonga,Trinidad and Tobago ,Turkey,Ukraine,Unified Team,United States,Uruguay,Uzbekistan,Venezuela,West Germany,Virgin Islands,Yugoslavia,Zimbabwe,
Country Shape File,Albania,Algeria,American Samoa,Andorra,Argentina,Armenia,Australia,Austria,Azerbaijan,Belarus,Belgium,Bermuda,Bolivia,Bosnia and Herzegovina,Brazil,British Virgin Islands,Bulgaria,Cameroon,Canada,Cayman Islands,Chile,China,Taiwan,Colombia,Costa Rica,Croatia,Cyprus,Czech Republic,NAN,Denmark ,Dominica,Germany,Egypt,Estonia,Ethiopia,Fiji,Finland,France,Georgia,Germany,Ghana,United Kingdom,Greece,Guam,Guatemala,Honduras,Hong Kong,Hungary,Iceland,India,India,Iran,Ireland,Israel,Italy,Jamaica,Japan,Kazakhstan,Kenya,Kyrgyzstan,Latvia,Lebanon,Liechtenstein,Lithuania,Luxemburg,Macedonia,Madagascar,Malta,Mexico,Moldova,Monaco,Mongolia,Montenegro,Morocco,Nepal,Netherlands,Netherlands,New Zealand,North Korea,Norway,Pakistan,Paraguay,Peru,Philippines,Poland,Portugal,Puerto Rico,Romania,Russia,San Marino,Senegal,Serbia,NAN,Slovakia,Slovenia,South Africa,South Korea,NAN,Spain,Swaziland,Sweden,Switzerland,Tajikistan,Thailand,East Timor,Togo,Tonga,Trinidad and Tobago ,Turkey,Ukraine,NAN,United States of America,Uruguay,Uzbekistan,Venezuela,Germany,Virgin Islands,NAN,Zimbabwe,
Alpha-2 code,AL,DZ,AS,AD,AR,AM,AU,AT,AZ,BY,BE,BM,BO,BA,BR,VG,BG,CM,CA,KY,CL,CN,TW,CO,CR,HR,CY,CZ,CS,DK,DM,DE,EG,EE,ET,FJ,FI,FR,GE,DE,GH,GB,GR,GU,GT,HN,HK,HU,IS,IN,,IR,IE,IL,IT,JM,JP,KZ,KE,KG,LV,LB,LI,LT,LU,MK,MG,MT,MX,MD,MC,MN,ME,MA,NP,NL,AN,NZ,KP,NO,PK,PY,PE,PH,PL,PT,PR,RO,RU,SM,SN,RS,CS,SK,SI,ZA,KR,SU,ES,SZ,SE,CH,TJ,TH,TL,TG,TO,TT,TR,UA,,US,UY,UZ,VE,DE,VI,YU,ZW,
Alpha-3 code,ALB,DZA,ASM,AND,ARG,ARM,AUS,AUT,AZE,BLR,BEL,BMU,BOL,BIH,BRA,VGB,BGR,CMR,CAN,CYM,CHL,CHN,TWN,COL,CRI,HRV,CYP,CZE,CSK,DNK,DMA,DEU,EGY,EST,ETH,FJI,FIN,FRA,GEO,DEU,GHA,GBR,GRC,GUM,GTM,HND,HKG,HUN,ISL,IND,,IRN,IRL,ISR,ITA,JAM,JPN,KAZ,KEN,KGZ,LVA,LBN,LIE,LTU,LUX,MKD,MDG,MLT,MEX,MDA,MCO,MNG,MNE,MAR,NPL,NLD,ANT,NZL,PRK,NOR,PAK,PRY,PER,PHL,POL,PRT,PRI,ROU,RUS,SMR,SEN,SRB,SCG,SVK,SVN,ZAF,KOR,SUN,ESP,SWZ,SWE,CHE,TJK,THA,TLS,TGO,TON,TTO,TUR,UKR,,USA,URY,UZB,VEN,DEU,VIR,YUG,ZWE,
Numeric code,8,12,16,20,32,51,36,40,31,112,56,60,68,70,76,92,100,120,124,136,152,156,158,170,188,191,196,203,200,208,212,278,818,233,231,242,246,250,268,276,288,826,300,316,320,340,344,348,352,356,,364,372,376,380,388,392,398,404,417,428,422,438,440,442,807,450,470,484,498,492,496,499,504,524,528,530,554,408,578,586,600,604,608,616,620,630,642,643,674,686,688,891,703,705,710,410,810,724,748,752,756,762,764,626,768,776,780,792,804,,840,858,860,862,280,850,891,716,
Latitude (average),41,28,-14.3333,42.5,-34,40,-27,47.3333,40.5,53,50.8333,32.3333,-17,44,-10,18.5,43,6,60,19.5,-30,35,23.5,4,10,45.1667,35,49.75,49.75,56,15.4167,51,27,59,8,-18,64,46,42,51,8,54,39,13.4667,15.5,15,22.25,47,65,20,20,32,53,31.5,42.8333,18.25,36,48,1,41,57,33.8333,47.1667,56,49.75,41.8333,-20,35.8333,23,47,43.7333,46,42,32,28,52.5,12.25,-41,40,62,30,-23,-10,13,52,39.5,18.25,46,60,43.7667,14,44,44.8167,48.6667,46,-29,37,55.75,40,-26.5,62,47,39,15,-8.55,8,-20,11,39,49,55.75,38,-33,41,8,51,18.3333,44.8206,-20,
Longitude (average),20,3,-170,1.6,-64,45,133,13.3333,47.5,28,4,-64.75,-65,18,-55,-64.5,25,12,-95,-80.5,-71,105,121,-72,-84,15.5,33,15.5,15.5,10,-61.3333,9,30,26,38,175,26,2,43.5,9,-2,-2,22,144.7833,-90.25,-86.5,114.1667,20,-18,77,77,53,-8,34.75,12.8333,-77.5,138,68,38,75,25,35.8333,9.5333,24,6.1667,22,47,14.5833,-102,29,7.4,105,19,-5,84,5.75,-68.75,174,127,10,70,-58,-76,122,20,-8,-66.5,25,100,12.4167,-14,21,20.4667,19.5,15,24,127.5,37.6167,-4,31.5,15,8,71,100,125.5167,1.1667,-175,-61,35,32,37.6167,-97,-56,64,-66,9,-64.8333,20.4622,30,
Population (2012),3162083,38481705,55128,78360,41086927,2969081,22683600,8462446,9297507,9464000,11142157,64806,10496285,3833916,198656019,27800,7304632,21699631,34880491,57570,17464814,1350695000,23268087,47704427,4805295,4267000,1128994,10514810,15600000,5590478,71684,16666,80721874,1339396,91728849,874742,5414293,65696689,4511800,81889839,25366462,63227526,11280167,15082831,162810,7935846,7154600,9943755,320137,1236686732,,76424443,4588798,7907900,60917978,2712100,127561489,16797459,43178141,5582100,2025473,4424888,36656,2985509,531441,2105575,22293914,418366,120847477,3559541,37579,2796484,621081,32521143,27474377,16767705,227049,4433100,24763188,5018869,179160111,6687361,29987800,96706764,38542737,10526703,3667084,21326905,143533000,31247,13726021,7223887,10830000,5410267,2058152,51189306.614892,50004000,293000000,46217961,1230985,9516617,7997152,8008990,66785001,1210233,6642928,104941,1337439,73997128,45593300,293000000,313914040,3395253,29776850,29954782,63250000,105275,23720000,13724317,
1924,,,,,,,,4,,,18,,,,,,,,12,,,,,,,,,,27,,,,,,,,17,43,,,,44,,,,,,4,,7,,,,,23,,,,,,2,,,, ,,,,,,,,,,1,,,,,14,,,,,7,,,,,,,,,,,,,,,,31,30,,,,,,,,,,24,,,,,,4,,44
Men,,,,,,,,2,,,17,,,,,,,,11,,,,,,,,,,27,,,,,,,,16,41,,,,43,,,,,,4,,7,,,,,23,,,,,,2,,,, ,,,,,,,,,,1,,,,,13,,,,,7,,,,,,,,,,,,,,,,31,30,,,,,,,,,,22,,,,,,4,,
Women,,,,,,,,2,,,1,,,,,,,,1,,,,,,,,,,0,,,,,,,,1,2,,,,1,,,,,,0,,0,,,,,0,,,,,,0,,,, ,,,,,,,,,,0,,,,,1,,,,,0,,,,,,,,,,,,,,,,0,0,,,,,,,,,,2,,,,,,0,,
Sports,,,,,,,,1,,,4,,,,,,,,3,,,,,,,,,,6,,,,,,,,6,9,,,,6,,,,,,2,,1,,,,,4,,,,,,2,,,, ,,,,,,,,,,1,,,,,5,,,,,5,,,,,,,,,,,,,,,,7,7,,,,,,,,,,6,,,,,,1,,
Gold,,,,,,,,2,,,0,,,,,,,,1,,,,,,,,,,0,,,,,,,,4,0,,,,1,,,,,,0,,1,,,,,0,,,,,,0,,,, ,,,,,,,,,,0,,,,,4,,,,,0,,,,,,,,,,,,,,,,1,2,,,,,,,,,,1,,,,,,0,,
Silver,,,,,,,,1,,,0,,,,,,,,0,,,,,,,,,,0,,,,,,,,3,0,,,,1,,,,,,0,,0,,,,,0,,,,,,0,,,, ,,,,,,,,,,0,,,,,7,,,,,0,,,,,,,,,,,,,,,,1,0,,,,,,,,,,2,,,,,,0,,
Bronze,,,,,,,,0,,,1,,,,,,,,0,,,,,,,,,,0,,,,,,,,3,2,,,,2,,,,,,0,,0,,,,,0,,,,,,0,,,, ,,,,,,,,,,0,,,,,6,,,,,0,,,,,,,,,,,,,,,,0,1,,,,,,,,,,1,,,,,,0,,
Total M,,,,,,,,3,,,1,,,,,,,,1,,,,,,,,,,0,,,,,,,,10,2,,,,4,,,,,,0,,1,,,,,0,,,,,,0,,,, ,,,,,,,,,,0,,,,,17,,,,,0,,,,,,,,,,,,,,,,2,3,,,,,,,,,,4,,,,,,0,,17
Distance,,,,,,,,321.8617210539,,,364.0606731685,,,,,,,,3912.2461783904,,,,,,,,,,479.5215808699,,,,,,,,1449.3450532317,234.0462256189,,,,682.5310068433,,,,,,628.9435402164,,4293.3460307294,,,,,363.7839464438,,,,,,1087.3051585942,,,,,,,,,,,,,,4265.534609992,,,,,1118.3846636935,,,,,727.4298198847,,,,,,,,,,,,,,,,1157.4590289903,91.8666448471,,,,,,,,,,4969.7204911163,,,,,,663.693685263,,
1928,,,,,10,,,39,,,25,,,,,,,,23,,,,,,,,,,25,,,,,2,,,18,38,,44,,32,,,,,,13,,,,,,,13,,6,,,,1,,,1,5,,,,5,,,,,,,7,,,,25,,,,,26,,,10,,,,,,25,,,,,,,24,41,,,,,,,,,,24,,,,,,6,,44
Men,,,,,10,,,34,,,24,,,,,,,,20,,,,,,,,,,24,,,,,2,,,17,36,,39,,30,,,,,,13,,,,,,,13,,6,,,,1,,,1,5,,,,5,,,,,,,7,,,,22,,,,,26,,,10,,,,,,24,,,,,,,24,40,,,,,,,,,,21,,,,,,6,,
Women,,,,,0,,,5,,,1,,,,,,,,3,,,,,,,,,,1,,,,,0,,,1,2,,5,,2,,,,,,0,,,,,,,0,,0,,,,0,,,0,0,,,,0,,,,,,,0,,,,3,,,,,0,,,0,,,,,,1,,,,,,,0,1,,,,,,,,,,3,,,,,,0,,
Sports,,,,,1,,,8,,,3,,,,,,,,6,,,,,,,,,,5,,,,,1,,,5,8,,7,,5,,,,,,4,,,,,,,5,,3,,,,1,,,1,1,,,,1,,,,,,,2,,,,5,,,,,5,,,1,,,,,,,,,,,,,6,7,,,,,,,,,,7,,,,,,1,,
Gold,,,,,0,,,0,,,0,,,,,,,,1,,,,,,,,,,0,,,,,0,,,2,1,,0,,0,,,,,,0,,,,,,,0,,0,,,,0,,,0,0,,,,0,,,,,,,0,,,,6,,,,,0,,,0,,,,,,0,,,,,,,2,0,,,,,,,,,,2,,,,,,0,,
Silver,,,,,0,,,3,,,0,,,,,,,,0,,,,,,,,,,0,,,,,0,,,1,0,,0,,0,,,,,,0,,,,,,,0,,0,,,,0,,,0,0,,,,0,,,,,,,0,,,,4,,,,,0,,,0,,,,,,0,,,,,,,2,0,,,,,,,,,,2,,,,,,0,,
Bronze,,,,,0,,,1,,,1,,,,,,,,0,,,,,,,,,,1,,,,,0,,,1,0,,1,,1,,,,,,0,,,,,,,0,,0,,,,0,,,0,0,,,,0,,,,,,,0,,,,5,,,,,0,,,0,,,,,,1,,,,,,,1,1,,,,,,,,,,2,,,,,,0,,
Total M,,,,,0,,,4,,,1,,,,,,,,1,,,,,,,,,,1,,,,,0,,,4,1,,1,,1,,,,,,0,,,,,,,0,,0,,,,0,,,0,0,,,,0,,,,,,,0,,,,15,,,,,0,,,0,,,,,,1,,,,,,,5,1,,,,,,,,,,6,,,,,,0,,15
Distance,,,,,7209.420805872,,,175.0092116062,,,400.5975258593,,,,,,,,3962.0434307683,,,,,,,,,,344.5939488532,,,,,1091.4433304701,,,1358.2190018533,375.9141190156,,313.4006407442,,734.7182779273,,,,,,482.4778819805,,,,,,,293.2263184073,,5895.8312034365,,,,969.4783107653,,,895.0319040053,281.1911771999,,,,6032.6222669672,,,,,,,453.3211312907,,,,1071.5738939604,,,,,594.9216167454,,,724.7666678401,,,,,,474.6101215136,,,,,,,1090.8461450409,93.4641458061,,,,,,,,,,5058.5464120865,,,,,,526.0792005721,,
1932,,,,,,,,7,,,5,,,,,,,,42,,,,,,,,,,6,,,,,,,,7,8,,20,,4,,,,,,4,,,,,,,12,,16,,,,5,,,,4,,,,,,,,,,,,,,,19,,,,,15,,,1,,,,,,,,,,,,,12,7,,,,,,,,,,65,,,,,,,,65
Men,,,,,,,,6,,,4,,,,,,,,38,,,,,,,,,,6,,,,,,,,7,7,,20,,0,,,,,,2,,,,,,,12,,16,,,,5,,,,4,,,,,,,,,,,,,,,18,,,,,15,,,1,,,,,,,,,,,,,11,7,,,,,,,,,,58,,,,,,,,
Women,,,,,,,,1,,,1,,,,,,,,4,,,,,,,,,,0,,,,,,,,0,1,,0,,4,,,,,,2,,,,,,,0,,0,,,,0,,,,0,,,,,,,,,,,,,,,1,,,,,0,,,0,,,,,,,,,,,,,1,0,,,,,,,,,,6,,,,,,,,
Sports,,,,,,,,5,,,2,,,,,,,,6,,,,,,,,,,4,,,,,,,,3,3,,3,,1,,,,,,1,,,,,,,4,,5,,,,2,,,,2,,,,,,,,,,,,,,,5,,,,,4,,,1,,,,,,,,,,,,,5,3,,,,,,,,,,8,,,,,,,,
Gold,,,,,,,,1,,,0,,,,,,,,1,,,,,,,,,,0,,,,,,,,1,1,,0,,0,,,,,,0,,,,,,,0,,0,,,,0,,,,0,,,,,,,,,,,,,,,3,,,,,0,,,0,,,,,,,,,,,,,1,0,,,,,,,,,,6,,,,,,,,
Silver,,,,,,,,1,,,0,,,,,,,,1,,,,,,,,,,0,,,,,,,,1,0,,0,,0,,,,,,0,,,,,,,0,,0,,,,1,,,,0,,,,,,,,,,,,,,,4,,,,,0,,,0,,,,,,,,,,,,,2,1,,,,,,,,,,4,,,,,,,,
Bronze,,,,,,,,0,,,0,,,,,,,,5,,,,,,,,,,0,,,,,,,,1,0,,2,,0,,,,,,0,,,,,,,0,,0,,,,0,,,,0,,,,,,,,,,,,,,,3,,,,,0,,,0,,,,,,,,,,,,,0,0,,,,,,,,,,2,,,,,,,,
Total M,,,,,,,,2,,,0,,,,,,,,7,,,,,,,,,,0,,,,,,,,3,1,,2,,0,,,,,,0,,,,,,,0,,0,,,,1,,,,0,,,,,,,,,,,,,,,10,,,,,0,,,0,,,,,,,,,,,,,3,1,,,,,,,,,,12,,,,,,,,12
Distance,,,,,,,,3980.6761668307,,,3494.3322532579,,,,,,,,1392.7556859793,,,,,,,,,,3976.1920474917,,,,,,,,3804.3219613918,3559.4045317404,,3684.6442041517,,3178.1350972278,,,,,,4253.6011265834,,,,,,,4130.3537253055,,6542.3737960632,,,,4034.0339990138,,,,3613.1289460113,,,,,,,,,,,,,,,3410.2036843911,,,,,4057.7678655673,,,4484.9368156395,,,,,,,,,,,,,3560.6156836605,3777.319997053,,,,,,,,,,1269.3777399145,,,,,,,,
1936,,,,,,,1,60,,,27,,,,,,7,,29,,,,,,,,,,44,,,,,5,,,19,28,,55,,38,1,,,,,25,,,,,,,40,,31,,,,26,,4,,,,,,,,,,,,,8,,,,31,,,,,20,,,15,,,,,,,,,,,6,,32,34,,,,,,,6,,,55,,,,,,17,,60
Men,,,,,,,1,50,,,24,,,,,,7,,22,,,,,,,,,,39,,,,,3,,,19,28,,48,,28,1,,,,,22,,,,,,,35,,30,,,,23,,4,,,,,,,,,,,,,7,,,,25,,,,,20,,,14,,,,,,,,,,,4,,31,30,,,,,,,6,,,46,,,,,,17,,
Women,,,,,,,0,10,,,3,,,,,,0,,7,,,,,,,,,,5,,,,,2,,,0,0,,7,,10,0,,,,,3,,,,,,,5,,1,,,,3,,0,,,,,,,,,,,,,1,,,,6,,,,,0,,,1,,,,,,,,,,,2,,1,4,,,,,,,0,,,9,,,,,,0,,
Sports,,,,,,,1,8,,,5,,,,,,2,,7,,,,,,,,,,8,,,,,4,,,5,4,,8,,6,2,,,,,5,,,,,,,7,,7,,,,6,,2,,,,,,,,,,,,,3,,,,6,,,,,6,,,5,,,,,,,,,,,2,,7,7,,,,,,,2,,,8,,,,,,4,,
Gold,,,,,,,0,1,,,0,,,,,,0,,0,,,,,,,,,,0,,,,,0,,,1,0,,3,,1,0,,,,,0,,,,,,,0,,0,,,,0,,0,,,,,,,,,,,,,0,,,,7,,,,,0,,,0,,,,,,,,,,,0,,2,1,,,,,,,0,,,1,,,,,,0,,
Silver,,,,,,,0,1,,,0,,,,,,0,,1,,,,,,,,,,0,,,,,0,,,2,0,,3,,1,0,,,,,0,,,,,,,0,,0,,,,0,,0,,,,,,,,,,,,,0,,,,5,,,,,0,,,0,,,,,,,,,,,0,,2,2,,,,,,,0,,,0,,,,,,0,,
Bronze,,,,,,,0,2,,,0,,,,,,0,,0,,,,,,,,,,0,,,,,0,,,3,1,,0,,1,0,,,,,1,,,,,,,0,,0,,,,0,,0,,,,,,,,,,,,,0,,,,3,,,,,0,,,0,,,,,,,,,,,0,,3,0,,,,,,,0,,,3,,,,,,0,,
Total M,,,,,,,0,4,,,0,,,,,,0,,1,,,,,,,,,,0,,,,,0,,,6,1,,6,,3,0,,,,,1,,,,,,,0,,0,,,,0,,0,,,,,,,,,,,,,0,,,,15,,,,,0,,,0,,,,,,,,,,,0,,7,3,,,,,,,0,,,4,,,,,,0,,15
Distance,,,,,,,9040.1313691909,105.8787177365,,,394.2106089005,,,,,,743.9496805132,,3939.2250351796,,,,,,,,,,254.7371977952,,,,,1001.6081131492,,,1272.4960510688,442.2963836998,,259.5581807034,,725.6961543929,803.1298250436,,,,,419.627840291,,,,,,,333.6813789326,,5804.9910827166,,,,878.8771781156,,76.1887607566,,,,,,,,,,,,,418.8549371009,,,,1003.3175608144,,,,,504.7854411204,1100.9660691112,,666.3853875213,,,,,,,,,,,911.9205677378,,1014.0739627019,148.7510332378,,,,,,,1332.6567651392,,,5062.0150847664,,,,,,485.3988377637,,
1940,,,,,,,,,,,,,,,,,,,,,,,,,,,,,,,,,,,,,,,,,,,,,,,,,,,,,,,,,,,,,,,,,,,,,,,,,,,,,,,,,,,,,,,,,,,,,,,,,,,,,,,,,,,,,,,,,,,,,,,,
Men,,,,,,,,,,,,,,,,,,,,,,,,,,,,,,,,,,,,,,,,,,,,,,,,,,,,,,,,,,,,,,,,,,,,,,,,,,,,,,,,,,,,,,,,,,,,,,,,,,,,,,,,,,,,,,,,,,,,,,,,
Women,,,,,,,,,,,,,,,,,,,,,,,,,,,,,,,,,,,,,,,,,,,,,,,,,,,,,,,,,,,,,,,,,,,,,,,,,,,,,,,,,,,,,,,,,,,,,,,,,,,,,,,,,,,,,,,,,,,,,,,,
Sports,,,,,,,,,,,,,,,,,,,,,,,,,,,,,,,,,,,,,,,,,,,,,,,,,,,,,,,,,,,,,,,,,,,,,,,,,,,,,,,,,,,,,,,,,,,,,,,,,,,,,,,,,,,,,,,,,,,,,,,,
Gold,,,,,,,,,,,,,,,,,,,,,,,,,,,,,,,,,,,,,,,,,,,,,,,,,,,,,,,,,,,,,,,,,,,,,,,,,,,,,,,,,,,,,,,,,,,,,,,,,,,,,,,,,,,,,,,,,,,,,,,,
Silver,,,,,,,,,,,,,,,,,,,,,,,,,,,,,,,,,,,,,,,,,,,,,,,,,,,,,,,,,,,,,,,,,,,,,,,,,,,,,,,,,,,,,,,,,,,,,,,,,,,,,,,,,,,,,,,,,,,,,,,,
Bronze,,,,,,,,,,,,,,,,,,,,,,,,,,,,,,,,,,,,,,,,,,,,,,,,,,,,,,,,,,,,,,,,,,,,,,,,,,,,,,,,,,,,,,,,,,,,,,,,,,,,,,,,,,,,,,,,,,,,,,,,
Total M,,,,,,,,,,,,,,,,,,,,,,,,,,,,,,,,,,,,,,,,,,,,,,,,,,,,,,,,,,,,,,,,,,,,,,,,,,,,,,,,,,,,,,,,,,,,,,,,,,,,,,,,,,,,,,,,,,,,,,,,
Distance,,,,,,,,,,,,,,,,,,,,,,,,,,,,,,,,,,,,,,,,,,,,,,,,,,,,,,,,,,,,,,,,,,,,,,,,,,,,,,,,,,,,,,,,,,,,,,,,,,,,,,,,,,,,,,,,,,,,,,,,
1944,,,,,,,,,,,,,,,,,,,,,,,,,,,,,,,,,,,,,,,,,,,,,,,,,,,,,,,,,,,,,,,,,,,,,,,,,,,,,,,,,,,,,,,,,,,,,,,,,,,,,,,,,,,,,,,,,,,,,,,,
Men,,,,,,,,,,,,,,,,,,,,,,,,,,,,,,,,,,,,,,,,,,,,,,,,,,,,,,,,,,,,,,,,,,,,,,,,,,,,,,,,,,,,,,,,,,,,,,,,,,,,,,,,,,,,,,,,,,,,,,,,
Women,,,,,,,,,,,,,,,,,,,,,,,,,,,,,,,,,,,,,,,,,,,,,,,,,,,,,,,,,,,,,,,,,,,,,,,,,,,,,,,,,,,,,,,,,,,,,,,,,,,,,,,,,,,,,,,,,,,,,,,,
Sports,,,,,,,,,,,,,,,,,,,,,,,,,,,,,,,,,,,,,,,,,,,,,,,,,,,,,,,,,,,,,,,,,,,,,,,,,,,,,,,,,,,,,,,,,,,,,,,,,,,,,,,,,,,,,,,,,,,,,,,,
Gold,,,,,,,,,,,,,,,,,,,,,,,,,,,,,,,,,,,,,,,,,,,,,,,,,,,,,,,,,,,,,,,,,,,,,,,,,,,,,,,,,,,,,,,,,,,,,,,,,,,,,,,,,,,,,,,,,,,,,,,,
Silver,,,,,,,,,,,,,,,,,,,,,,,,,,,,,,,,,,,,,,,,,,,,,,,,,,,,,,,,,,,,,,,,,,,,,,,,,,,,,,,,,,,,,,,,,,,,,,,,,,,,,,,,,,,,,,,,,,,,,,,,
Bronze,,,,,,,,,,,,,,,,,,,,,,,,,,,,,,,,,,,,,,,,,,,,,,,,,,,,,,,,,,,,,,,,,,,,,,,,,,,,,,,,,,,,,,,,,,,,,,,,,,,,,,,,,,,,,,,,,,,,,,,,
Total M,,,,,,,,,,,,,,,,,,,,,,,,,,,,,,,,,,,,,,,,,,,,,,,,,,,,,,,,,,,,,,,,,,,,,,,,,,,,,,,,,,,,,,,,,,,,,,,,,,,,,,,,,,,,,,,,,,,,,,,,
Distance,,,,,,,,,,,,,,,,,,,,,,,,,,,,,,,,,,,,,,,,,,,,,,,,,,,,,,,,,,,,,,,,,,,,,,,,,,,,,,,,,,,,,,,,,,,,,,,,,,,,,,,,,,,,,,,,,,,,,,,,
1948,,,,,9,,,54,,,11,,,,,,4,,28,,4,,,,,,,,47,2,,,,,,,24,36,,,,55,1,,,,,22,4,,,,,,54,,,,,,,2,10,,,,,,,,,,,,,4,,,,49,,,,,29,,,7,,,,,,,,,3,,6,,43,70,,,,,,,4,,,69,,,,,,17,,70
Men,,,,,9,,,42,,,10,,,,,,4,,24,,4,,,,,,,,41,2,,,,,,,24,28,,,,43,1,,,,,17,4,,,,,,51,,,,,,,2,10,,,,,,,,,,,,,4,,,,45,,,,,29,,,7,,,,,,,,,3,,6,,42,59,,,,,,,4,,,59,,,,,,17,,
Women,,,,,0,,,12,,,1,,,,,,0,,4,,0,,,,,,,,6,0,,,,,,,0,8,,,,12,0,,,,,5,0,,,,,,3,,,,,,,0,0,,,,,,,,,,,,,0,,,,4,,,,,0,,,0,,,,,,,,,0,,0,,1,11,,,,,,,0,,,10,,,,,,0,,
Sports,,,,,2,,,8,,,4,,,,,,3,,7,,1,,,,,,,,8,2,,,,,,,5,7,,,,6,1,,,,,5,2,,,,,,9,,,,,,,1,2,,,,,,,,,,,,,1,,,,7,,,,,5,,,1,,,,,,,,,1,,1,,6,9,,,,,,,1,,,9,,,,,,4,,
Gold,,,,,0,,,1,,,1,,,,,,0,,2,,0,,,,,,,,0,0,,,,,,,1,2,,,,0,0,,,,,0,0,,,,,,1,,,,,,,0,0,,,,,,,,,,,,,0,,,,4,,,,,0,,,0,,,,,,,,,0,,0,,4,3,,,,,,,0,,,3,,,,,,0,,
Silver,,,,,0,,,3,,,1,,,,,,0,,0,,0,,,,,,,,1,0,,,,,,,3,1,,,,0,0,,,,,1,0,,,,,,0,,,,,,,0,0,,,,,,,,,,,,,0,,,,3,,,,,0,,,0,,,,,,,,,0,,0,,3,4,,,,,,,0,,,4,,,,,,0,,
Bronze,,,,,0,,,4,,,0,,,,,,0,,1,,0,,,,,,,,0,0,,,,,,,2,2,,,,2,0,,,,,0,0,,,,,,0,,,,,,,0,0,,,,,,,,,,,,,0,,,,3,,,,,0,,,0,,,,,,,,,0,,0,,3,3,,,,,,,0,,,2,,,,,,0,,
Total M,,,,,0,,,8,,,2,,,,,,0,,3,,0,,,,,,,,1,0,,,,,,,6,5,,,,2,0,,,,,1,0,,,,,,0,,,,,,,0,0,,,,,,,,,,,,,0,,,,4,,,,,0,,,0,,,,,,,,,0,,0,,10,10,,,,,,,0,,,9,,,,,,0,,10
Distance,,,,,7209.420805872,,,175.0092116062,,,400.5975258593,,,,,,781.5002674386,,3962.0434307683,,7295.4529276635,,,,,,,,344.5939488532,656.7977686767,,,,,,,1358.2190018533,375.9141190156,,,,734.7182779273,804.8115021161,,,,,482.4778819805,1648.2131574824,,,,,,293.2263184073,,,,,,,1617.3108452088,48.2249991748,,,,,,,,,,,,,453.3211312907,,,,10,,,,,594.9216167454,,,724.7666678401,,,,,,,,,5499.8827893701,,827.111928189,,1090.8461450409,93.4641458061,,,,,,,1371.3534891453,,,5058.5464120865,,,,,,526.0792005721,,
1952,,,,,12,,9,39,,,9,,,,,,10,,39,,3,,,,,,,,22,1,,,,,,,50,26,,53,,18,3,,,,,12,11,,,,,,33,,13,,,,,1,,,,,,,,,,,,,,104,,3,,73,,,,,30,1,,16,,,,,,,,,19,,4,,65,55,,,,,,,51,,,66,,,,,,6,,104
Men,,,,,11,,7,31,,,9,,,,,,10,,31,,3,,,,,,,,22,1,,,,,,,45,20,,41,,8,3,,,,,8,11,,,,,,28,,13,,,,,1,,,,,,,,,,,,,,78,,2,,61,,,,,27,1,,16,,,,,,,,,18,,4,,56,46,,,,,,,51,,,56,,,,,,4,,
Women,,,,,1,,2,8,,,0,,,,,,0,,8,,0,,,,,,,,0,0,,,,,,,5,6,,12,,10,0,,,,,4,0,,,,,,5,,0,,,,,0,,,,,,,,,,,,,,26,,1,,12,,,,,3,0,,0,,,,,,,,,1,,0,,9,9,,,,,,,0,,,10,,,,,,2,,
Sports,,,,,2,,4,7,,,3,,,,,,2,,6,,1,,,,,,,,3,1,,,,,,,7,5,,8,,3,1,,,,,4,3,,,,,,6,,5,,,,,1,,,,,,,,,,,,,,14,,1,,8,,,,,4,1,,3,,,,,,,,,6,,1,,8,7,,,,,,,4,,,8,,,,,,3,,
Gold,,,,,0,,0,2,,,0,,,,,,0,,1,,0,,,,,,,,0,0,,,,,,,3,0,,3,,1,0,,,,,0,0,,,,,,1,,0,,,,,0,,,,,,,,,,,,,,0,,0,,7,,,,,0,0,,0,,,,,,,,,0,,0,,0,0,,,,,,,2,,,4,,,,,,0,,
Silver,,,,,0,,0,4,,,0,,,,,,0,,0,,0,,,,,,,,0,0,,,,,,,4,0,,2,,0,0,,,,,0,0,,,,,,0,,0,,,,,0,,,,,,,,,,,,,,5,,0,,3,,,,,0,0,,0,,,,,,,,,0,,0,,0,0,,,,,,,0,,,6,,,,,,0,,
Bronze,,,,,0,,0,2,,,0,,,,,,0,,1,,0,,,,,,,,0,0,,,,,,,2,1,,2,,0,0,,,,,1,0,,,,,,1,,0,,,,,0,,,,,,,,,,,,,,0,,0,,6,,,,,0,0,,0,,,,,,,,,2,,0,,4,2,,,,,,,1,,,1,,,,,,0,,
Total M,,,,,0,,0,8,,,0,,,,,,0,,2,,0,,,,,,,,0,0,,,,,,,9,1,,7,,1,0,,,,,1,0,,,,,,2,,0,,,,,0,,,,,,,,,,,,,,5,,0,,16,,,,,0,0,,0,,,,,,,,,2,,0,,4,2,,,,,,,3,,,11,,,,,,0,,16
Distance,,,,,7743.8146409176,,8926.9420529286,878.4563527764,,,682.8865646783,,,,,,1316.28346667,,3251.0636920528,,7725.5939564105,,,,,,,,729.5884664349,274.4493213604,,,,,,,566.975517751,1028.8117645792,,622.4669265951,,630.5749056234,1529.0218287638,,,,,970.6450803079,972.1938734501,,,,,,1186.582353591,,5165.4672542813,,,,,2131.5122032818,,,,,,,,,,,,,,549.3387504388,,10950.4898144653,,143.9345313033,,,,,654.4850625282,1630.4503319363,,1126.8874288286,,,,,,,,,4843.9090240716,,1519.1621443176,,200.9394917553,902.1909285324,,,,,,,1790.5648163721,,,4537.2418928738,,,,,,1120.5943799296,,
1956,,,,,,,8,60,,,4,,1,,,,7,,35,,3,,,,,,,,41,,,,,,,,31,32,,63,,41,3,,,,,2,7,,,3,,,65,,10,,,,,3,8,,,,,,,,,,,,,8,,,,45,,,,,51,,,19,,,,,,,,,4,53,6,,58,59,,,,,,,4,,,67,,,,,,17,,
Men,,,,,,,7,50,,,4,,1,,,,6,,27,,3,,,,,,,,35,,,,,,,,27,25,,52,,31,3,,,,,1,6,,,3,,,53,,10,,,,,3,8,,,,,,,,,,,,,6,,,,37,,,,,44,,,13,,,,,,,,,4,47,6,,50,51,,,,,,,4,,,57,,,,,,12,,
Women,,,,,,,1,10,,,0,,0,,,,1,,8,,0,,,,,,,,6,,,,,,,,4,7,,11,,10,0,,,,,1,1,,,0,,,12,,0,,,,,0,0,,,,,,,,,,,,,2,,,,8,,,,,7,,,6,,,,,,,,,0,6,0,,8,8,,,,,,,0,,,10,,,,,,5,,
Sports,,,,,,,3,8,,,3,,1,,,,2,,7,,1,,,,,,,,7,,,,,,,,6,6,,8,,5,1,,,,,1,2,,,1,,,8,,5,,,,,2,2,,,,,,,,,,,,,2,,,,6,,,,,6,,,4,,,,,,,,,1,6,1,,8,7,,,,,,,1,,,8,,,,,,3,,
Gold,,,,,,,0,4,,,0,,0,,,,0,,0,,0,,,,,,,,0,,,,,,,,3,0,,1,,0,0,,,,,0,0,,,0,,,1,,0,,,,,0,0,,,,,,,,,,,,,0,,,,2,,,,,0,,,0,,,,,,,,,0,7,0,,2,3,,,,,,,0,,,2,,,,,,0,,
Silver,,,,,,,0,3,,,0,,0,,,,0,,1,,0,,,,,,,,0,,,,,,,,3,0,,0,,0,0,,,,,0,0,,,0,,,2,,1,,,,,0,0,,,,,,,,,,,,,0,,,,1,,,,,0,,,0,,,,,,,,,0,3,0,,4,2,,,,,,,0,,,3,,,,,,0,,
Bronze,,,,,,,0,4,,,0,,0,,,,0,,2,,0,,,,,,,,0,,,,,,,,1,0,,1,,0,0,,,,,1,0,,,0,,,0,,0,,,,,0,0,,,,,,,,,,,,,0,,,,1,,,,,1,,,0,,,,,,,,,0,6,0,,4,1,,,,,,,0,,,2,,,,,,0,,
Total M,,,,,,,0,11,,,0,,0,,,,0,,3,,0,,,,,,,,0,,,,,,,,7,0,,2,,0,0,,,,,1,0,,,0,,,3,,1,,,,,0,0,,,,,,,,,,,,,0,,,,4,,,,,1,,,0,,,,,,,,,0,16,0,,10,6,,,,,,,0,,,7,,,,,,0,,16
Distance,,,,,,,8993.3178611707,79.1676087493,,,475.1119863924,,6482.3426682694,,,,676.1416686831,,4022.3357871539,,7394.2179489815,,,,,,,,271.1822542091,,,,,,,,1318.5691006418,485.3505612131,,340.1251034898,,807.7170395739,721.3923909585,,,,,373.7531622624,1700.8297402832,,,2373.4193027723,,,258.0908423891,,5823.1055242354,,,,,1519.2538278092,130.4873795337,,,,,,,,,,,,,501.8001904574,,,,1072.5711706634,,,,,517.8538056013,1123.5609140783,,615.3389528868,,,,,,,,,5418.6439386655,1265.1729042577,926.7835816264,,1075.2382000943,198.3441915874,,,,,,,1266.0327241406,,,5142.513769239,,,,,,419.1396232636,,
1960,,,,,6,,30,26,,,,,,,,,7,,44,,5,,,,,,,,21,1,,,,,,,48,26,,74,,17,,,,,,3,4,,,,,,28,,41,,,,,2,3,,,,,,,,,,,,,7,,4,,29,,,,,13,,,,,,,,,,,4,7,62,4,,47,21,,,,,,,2,,,79,,,,,,,,
Men,,,,,5,,26,17,,,,,,,,,4,,34,,5,,,,,,,,20,1,,,,,,,42,18,,56,,11,,,,,,2,4,,,,,,21,,36,,,,,2,3,,,,,,,,,,,,,5,,2,,25,,,,,7,,,,,,,,,,,1,5,48,3,,41,14,,,,,,,2,,,61,,,,,,,,
Women,,,,,1,,4,9,,,,,,,,,3,,10,,0,,,,,,,,1,0,,,,,,,6,8,,18,,6,,,,,,1,0,,,,,,7,,5,,,,,0,0,,,,,,,,,,,,,2,,2,,4,,,,,6,,,,,,,,,,,3,2,14,1,,6,7,,,,,,,0,,,18,,,,,,,,
Sports,,,,,2,,6,5,,,,,,,,,2,,7,,1,,,,,,,,4,1,,,,,,,6,6,,8,,5,,,,,,3,2,,,,,,6,,7,,,,,1,1,,,,,,,,,,,,,2,,1,,6,,,,,4,,,,,,,,,,,1,3,8,1,,6,4,,,,,,,1,,,8,,,,,,,,
Gold,,,,,0,,0,1,,,,,,,,,0,,2,,0,,,,,,,,0,0,,,,,,,2,1,,4,,0,,,,,,0,0,,,,,,0,,0,,,,,0,0,,,,,,,,,,,,,0,,0,,3,,,,,,,,,,,,,,,,0,0,7,0,,3,2,,,,,,,0,,,3,,,,,,,,
Silver,,,,,0,,0,2,,,,,,,,,0,,1,,0,,,,,,,,1,0,,,,,,,3,0,,3,,0,,,,,,0,0,,,,,,0,,0,,,,,0,0,,,,,,,,,,,,,1,,0,,3,,,,,1,,,,,,,,,,,0,0,5,0,,2,0,,,,,,,0,,,4,,,,,,,,
Bronze,,,,,0,,0,3,,,,,,,,,0,,1,,0,,,,,,,,0,0,,,,,,,3,2,,1,,0,,,,,,0,0,,,,,,1,,0,,,,,0,0,,,,,,,,,,,,,1,,0,,0,,,,,1,,,,,,,,,,,0,0,9,0,,2,0,,,,,,,0,,,3,,,,,,,,
Total M,,,,,0,,0,6,,,,,,,,,0,,4,,0,,,,,,,,1,0,,,,,,,8,3,,8,,0,,,,,,0,0,,,,,,1,,0,,,,,0,0,,,,,,,,,,,,,2,,0,,6,,,,,2,,,,,,,,,,,0,0,21,0,,7,2,,,,,,,0,,,10,,,,,,,,21
Distance,,,,,6207.9661812025,,8230.9348369028,5815.6639756086,,,,,,,,,6360.182868036,,1807.4380759552,,5737.0901468531,,,,,,,,5731.653219953,5246.7157089121,,,,,,,5075.6564189849,5556.8651051601,,5495.5779745174,,5033.8647463821,,,,,,6001.4650130728,4133.8033139933,,,,,,6058.5161008991,,5246.1581642885,,,,,7168.8622628347,5721.1598679527,,,,,,,,,,,,,5327.614858919,,6915.3153943162,,4920.2830937991,,,,,5701.6678571908,,,,,,,,,,,10296.3436712711,5641.4501983253,5752.6921915578,5651.8573479273,,5017.4172354767,5686.4841305186,,,,,,,6816.0384804895,,,1256.2472674025,,,,,,,,
1964,,,,,12,,5,83,,,8,,,,,,7,,55,,5,,,,,,,,46,2,,,,,,,51,24,,96,,36,3,,,,,28,5,1,,4,,,61,,47,,,,,4,6,,,,,,,,,13,,,,6,,,13,58,,,,,51,,,27,,,,,,,,,7,69,6,,57,72,,,,,,,5,,,90,,,,,,31,,
Men,,,,,11,,3,69,,,7,,,,,,3,,43,,5,,,,,,,,36,2,,,,,,,45,15,,73,,27,3,,,,,22,5,1,,4,,,53,,41,,,,,4,6,,,,,,,,,10,,,,4,,,6,51,,,,,40,,,27,,,,,,,,,5,53,6,,49,60,,,,,,,5,,,71,,,,,,29,,
Women,,,,,1,,2,14,,,1,,,,,,4,,12,,0,,,,,,,,10,0,,,,,,,6,9,,23,,9,0,,,,,6,0,0,,0,,,8,,6,,,,,0,0,,,,,,,,,3,,,,2,,,7,7,,,,,11,,,0,,,,,,,,,2,16,0,,8,12,,,,,,,0,,,19,,,,,,2,,
Sports,,,,,3,,1,10,,,3,,,,,,2,,8,,1,,,,,,,,8,2,,,,,,,7,5,,10,,7,1,,,,,6,2,1,,1,,,9,,8,,,,,1,2,,,,,,,,,3,,,,2,,,2,9,,,,,8,,,4,,,,,,,,,3,8,1,,8,10,,,,,,,1,,,10,,,,,,4,,
Gold,,,,,0,,0,4,,,0,,,,,,0,,1,,0,,,,,,,,0,0,,,,,,,3,3,,3,,1,0,,,,,0,0,0,,0,,,0,,0,,,,,0,0,,,,,,,,,0,,,,1,,,,3,,,,,0,,,0,,,,,,,,,0,11,0,,3,0,,,,,,,0,,,1,,,,,,0,,
Silver,,,,,0,,0,5,,,0,,,,,,0,,1,,0,,,,,,,,0,0,,,,,,,4,4,,2,,0,0,,,,,0,0,0,,0,,,1,,0,,,,,0,0,,,,,,,,,0,,,,1,,,1,6,,,,,0,,,0,,,,,,,,,0,8,0,,3,0,,,,,,,0,,,2,,,,,,0,,
Bronze,,,,,0,,0,3,,,0,,,,,,0,,1,,0,,,,,,,,1,0,,,,,,,3,0,,2,,0,0,,,,,0,0,0,,0,,,3,,0,,,,,0,0,,,,,,,,,0,,,,0,,,,6,,,,,0,,,0,,,,,,,,,0,6,0,,1,0,,,,,,,0,,,4,,,,,,0,,
Total M,,,,,0,,0,12,,,0,,,,,,0,,3,,0,,,,,,,,1,0,,,,,,,10,7,,7,,1,0,,,,,0,0,0,,0,,,4,,0,,,,,0,0,,,,,,,,,0,,,,2,,,1,15,,,,,0,,,0,,,,,,,,,0,25,0,,7,0,,,,,,,0,,,7,,,,,,0,,25
Distance,,,,,7299.7842559755,,9026.9101236428,91.5350554591,,,415.2586573392,,,,,,725.3646957766,,3960.4856856789,,7384.7364263127,,,,,,,,254.9277647959,606.6329141488,,,,,,,1282.6390968137,453.6620945131,,279.6640574262,,746.976515356,781.8571821212,,,,,405.4596805977,1639.1362100371,4081.4284345725,,2417.4851246969,,,314.5514850922,,5808.0735798011,,,,,1573.88219475,87.1424386813,,,,,,,,,4154.19435114,,,,440.0039327716,,,5231.7155554156,1019.9947603221,,,,,505.3036049241,,,651.4453630978,,,,,,,,,5410.266261692,1261.3748598893,916.6122247972,,1028.385300924,160.1697838052,,,,,,,1314.4616039624,,,5083.0545717091,,,,,,466.9742846725,,
1968,,,,,5,,3,76,,,,,,,,,6,,70,,4,,,,,,,,48,3,,57,,,,,52,75,,,,38,3,,,,,10,4,1,,4,,,47,,61,,,,,3,9,,,,,,,,,7,,5,,9,,6,,65,,,,,31,,,30,,,,,,,,,8,74,20,,68,34,,,,,,,11,,,96,,,,87,,30,,
Men,,,,,2,,3,63,,,,,,,,,2,,55,,3,,,,,,,,41,2,,45,,,,,44,64,,,,28,3,,,,,8,4,1,,4,,,39,,52,,,,,3,8,,,,,,,,,7,,5,,4,,4,,54,,,,,23,,,29,,,,,,,,,5,54,20,,59,29,,,,,,,11,,,75,,,,67,,29,,
Women,,,,,3,,0,13,,,,,,,,,4,,15,,1,,,,,,,,7,1,,12,,,,,8,11,,,,10,0,,,,,2,0,0,,0,,,8,,9,,,,,0,1,,,,,,,,,0,,0,,5,,2,,11,,,,,8,,,1,,,,,,,,,3,20,0,,9,5,,,,,,,0,,,21,,,,20,,1,,
Sports,,,,,1,,3,10,,,,,,,,,2,,9,,1,,,,,,,,8,1,,9,,,,,7,10,,,,7,2,,,,,4,1,1,,1,,,8,,8,,,,,1,2,,,,,,,,,3,,1,,1,,1,,8,,,,,7,,,5,,,,,,,,,4,8,3,,9,7,,,,,,,2,,,10,,,,10,,4,,
Gold,,,,,0,,0,3,,,,,,,,,0,,1,,0,,,,,,,,1,0,,1,,,,,1,4,,,,0,0,,,,,0,0,0,,0,,,4,,0,,,,,0,0,,,,,,,,,0,,0,,3,,0,,6,,,,,0,,,0,,,,,,,,,0,5,0,,3,0,,,,,,,0,,,1,,,,2,,0,,
Silver,,,,,0,,0,4,,,,,,,,,0,,1,,0,,,,,,,,2,0,,2,,,,,2,3,,,,0,0,,,,,0,0,0,,0,,,0,,0,,,,,0,0,,,,,,,,,0,,0,,3,,0,,6,,,,,0,,,0,,,,,,,,,0,5,0,,2,2,,,,,,,0,,,5,,,,2,,0,,
Bronze,,,,,0,,0,4,,,,,,,,,0,,1,,0,,,,,,,,1,0,,2,,,,,2,2,,,,0,0,,,,,0,0,0,,0,,,0,,0,,,,,0,0,,,,,,,,,0,,0,,3,,0,,2,,,,,0,,,1,,,,,,,,,0,3,0,,3,4,,,,,,,0,,,1,,,,3,,0,,
Total M,,,,,0,,0,11,,,,,,,,,0,,3,,0,,,,,,,,4,0,,5,,,,,5,9,,,,0,0,,,,,0,0,0,,0,,,4,,0,,,,,0,0,,,,,,,,,0,,0,,9,,0,,14,,,,,0,,,1,,,,,,,,,0,13,0,,8,6,,,,,,,0,,,7,,,,7,,0,,14
Distance,,,,,6996.5969746294,,9306.6337590886,392.2933722473,,,,,,,,,966.6801448234,,3920.1153573757,,7078.7486703332,,,,,,,,554.0002987164,769.4881935476,,428.4625502438,,,,,1517.5121846125,188.3223269321,,,,698.9334318958,936.1728753928,,,,,694.6246709725,1637.878653404,4349.8746538008,,2669.0953938503,,,389.3735821587,,6088.8862051267,,,,,1773.7485431452,227.4650971666,,,,,,,,,4454.6696515468,,1078.7133195455,,504.6673805559,,11785.5997643802,,1173.9883035253,,,,,802.1276684945,,,931.8120905086,,,,,,,,,5702.8412259389,1562.2711846058,610.8538975168,,1219.3305740144,165.5356968524,,,,,,,1552.1666955143,,,4954.373065401,,,,428.4625502438,,719.8974602305,,
1972,,,,,2,,4,40,,,1,,,,,,4,,47,,11,,5,,,,,,41,,,42,,,,,50,40,,,,37,3,,,,,1,,,,4,,,44,,85,,,,,1,4,,,,,,,,,4,,,,11,,2,6,67,,,,2,47,,,13,,,,,,,,,5,76,3,,58,151,,,,,,,,,,103,,,,78,,26,,
Men,,,,,2,,4,29,,,1,,,,,,4,,29,,9,,5,,,,,,37,,,29,,,,,43,33,,,,30,3,,,,,0,,,,4,,,41,,65,,,,,1,3,,,,,,,,,4,,,,5,,2,0,56,,,,2,39,,,13,,,,,,,,,1,55,2,,49,122,,,,,,,,,,77,,,,62,,26,,
Women,,,,,0,,0,11,,,0,,,,,,0,,18,,2,,0,,,,,,4,,,13,,,,,7,7,,,,7,0,,,,,1,,,,0,,,3,,20,,,,,0,1,,,,,,,,,0,,,,6,,0,6,11,,,,0,8,,,0,,,,,,,,,4,21,1,,9,29,,,,,,,,,,26,,,,16,,0,,
Sports,,,,,1,,2,8,,,1,,,,,,2,,7,,5,,2,,,,,,6,,,7,,,,,6,9,,,,7,1,,,,,1,,,,1,,,9,,10,,,,,1,2,,,,,,,,,2,,,,2,,1,1,8,,,,1,8,,,4,,,,,,,,,2,9,1,,9,17,,,,,,,,,,10,,,,10,,4,,
Gold,,,,,0,,0,1,,,0,,,,,,0,,0,,0,,0,,,,,,1,,,4,,,,,0,0,,,,0,0,,,,,0,,,,0,,,2,,1,,,,,0,0,,,,,,,,,0,,,,4,,0,0,2,,,,0,1,,,0,,,,,,,,,0,8,1,,1,0,,,,,,,,,,3,,,,3,,0,,
Silver,,,,,0,,0,2,,,0,,,,,,0,,1,,0,,0,,,,,,0,,,3,,,,,4,1,,,,0,0,,,,,0,,,,0,,,2,,1,,,,,0,0,,,,,,,,,0,,,,3,,0,0,5,,,,0,0,,,0,,,,,,,,,0,5,0,,1,3,,,,,,,,,,2,,,,1,,0,,
Bronze,,,,,0,,0,2,,,0,,,,,,0,,0,,0,,0,,,,,,2,,,7,,,,,1,2,,,,0,0,,,,,0,,,,0,,,1,,1,,,,,0,0,,,,,,,,,0,,,,2,,0,0,5,,,,0,0,,,0,,,,,,,,,0,3,0,,2,0,,,,,,,,,,3,,,,1,,0,,
Total M,,,,,0,,0,5,,,0,,,,,,0,,1,,0,,0,,,,,,3,,,14,,,,,5,3,,,,0,0,,,,,0,,,,0,,,5,,3,,,,,0,0,,,,,,,,,0,,,,9,,0,0,12,,,,0,1,,,0,,,,,,,,,0,16,1,,4,3,,,,,,,,,,8,,,,5,,0,,16
Distance,,,,,10944.2460082291,,4872.9209398508,5435.8125790146,,,5464.5119680427,,,,,,5308.5550843745,,4639.509146955,,10449.590991461,,1782.5435318468,,,,,,5242.6422483169,,,5339.4369065139,,,,,4254.0567738371,5800.6023149534,,,,5392.2974252758,5619.7072868895,,,,,5261.1475509185,,,,4679.2502351154,,,5703.0713714228,,520.0455250194,,,,,5352.0347707521,5546.9016726685,,,,,,,,,1787.0790562964,,,,5327.113048303,,6157.5719291482,771.1805325267,4693.6436784792,,,,2377.3216724177,4998.0447098441,,,5155.6658059816,,,,,,,,,843.0366721274,4298.0771793386,6306.9187387102,,4593.4953916435,5595.9164638144,,,,,,,,,,5752.1441677856,,,,5339.4369065139,,5362.344081555,,
1976,,,,5,8,,8,77,,,4,,,,,,29,,59,,5,,6,,,,,,58,,,59,,,,,47,35,,,,42,4,,,,,3,8,,,4,,,58,,58,,,,,1,9,,,,,,,,,,,,,7,,5,,42,,,,,56,,,32,,2,,,,,,,3,79,4,,39,59,,,,,,,9,,,106,,,,71,,28,,
Men,,,,5,8,,5,63,,,3,,,,,,29,,38,,5,,6,,,,,,47,,,40,,,,,38,29,,,,31,4,,,,,2,6,,,4,,,47,,50,,,,,0,6,,,,,,,,,,,,,3,,3,,35,,,,,43,,,32,,2,,,,,,,1,59,4,,30,52,,,,,,,9,,,76,,,,56,,27,,
Women,,,,0,0,,3,14,,,1,,,,,,0,,21,,0,,0,,,,,,11,,,19,,,,,9,6,,,,11,0,,,,,1,2,,,0,,,11,,8,,,,,1,3,,,,,,,,,,,,,4,,2,,7,,,,,13,,,0,,0,,,,,,,2,20,0,,9,7,,,,,,,0,,,30,,,,15,,1,,
Sports,,,,1,2,,3,10,,,2,,,,,,4,,8,,1,,4,,,,,,9,,,8,,,,,8,8,,,,7,2,,,,,1,2,,,1,,,9,,10,,,,,1,3,,,,,,,,,,,,,2,,1,,7,,,,,9,,,4,,1,,,,,,,2,9,1,,7,9,,,,,,,2,,,10,,,,10,,4,,
Gold,,,,0,0,,0,2,,,0,,,,,,0,,1,,0,,0,,,,,,0,,,7,,,,,2,0,,,,1,0,,,,,0,0,,,0,,,1,,0,,,,,0,0,,,,,,,,,,,,,1,,0,,3,,,,,0,,,0,,0,,,,,,,0,13,0,,0,1,,,,,,,0,,,3,,,,2,,0,,
Silver,,,,0,0,,0,2,,,0,,,,,,0,,1,,0,,0,,,,,,1,,,5,,,,,4,0,,,,0,0,,,,,0,0,,,0,,,2,,0,,,,,0,0,,,,,,,,,,,,,2,,0,,3,,,,,0,,,0,,0,,,,,,,0,6,0,,0,3,,,,,,,0,,,3,,,,5,,0,,
Bronze,,,,0,0,,0,2,,,0,,,,,,0,,1,,0,,0,,,,,,0,,,7,,,,,1,1,,,,0,0,,,,,0,0,,,0,,,1,,0,,,,,0,2,,,,,,,,,,,,,3,,0,,1,,,,,0,,,0,,0,,,,,,,0,8,0,,2,1,,,,,,,0,,,4,,,,3,,0,,
Total M,,,,0,0,,0,6,,,0,,,,,,0,,3,,0,,0,,,,,,1,,,19,,,,,7,1,,,,0,0,,,,,0,0,,,0,,,4,,0,,,,,0,2,,,,,,,,,,,,,6,,0,,7,,,,,0,,,0,,0,,,,,,,0,27,0,,2,5,,,,,,,0,,,10,,,,10,,0,,27
Distance,,,,580.8954813087,7299.7842559755,,9026.9101236428,91.5350554591,,,415.2586573392,,,,,,725.3646957766,,3960.4856856789,,7384.7364263127,,5888.9455511543,,,,,,254.9277647959,,,279.6640574262,,,,,1282.6390968137,453.6620945131,,,,746.976515356,781.8571821212,,,,,405.4596805977,1639.1362100371,,,2417.4851246969,,,314.5514850922,,5808.0735798011,,,,,1573.88219475,87.1424386813,,,,,,,,,,,,,440.0039327716,,11481.5480265833,,1019.9947603221,,,,,505.3036049241,,,651.4453630978,,247.0812096265,,,,,,,5410.266261692,1261.3748598893,916.6122247972,,1028.385300924,160.1697838052,,,,,,,1314.4616039624,,,5083.0545717091,,,,279.6640574262,,466.9742846725,,
1980,,,,3,13,,9,43,,,2,,3,,,,8,,59,,,24,,,1,,3,,41,,,53,,,,,52,22,,,,48,3,,,,,2,6,,,,,,46,,50,,,,,3,7,,,,,,,,,3,,,,29,,5,,64,,,,,30,,,35,,,,,,,,,10,86,8,,61,44,,,,,,,,,,101,,,,80,,15,,
Men,,,,3,13,,5,33,,,2,,3,,,,8,,41,,,13,,,1,,2,,34,,,36,,,,,44,16,,,,36,3,,,,,1,5,,,,,,34,,46,,,,,2,4,,,,,,,,,3,,,,25,,3,,55,,,,,29,,,33,,,,,,,,,6,63,5,,49,33,,,,,,,,,,76,,,,61,,11,,
Women,,,,0,0,,4,10,,,0,,0,,,,0,,18,,,11,,,0,,1,,7,,,17,,,,,8,6,,,,12,0,,,,,1,1,,,,,,12,,4,,,,,1,3,,,,,,,,,0,,,,4,,2,,9,,,,,1,,,2,,,,,,,,,4,23,3,,12,11,,,,,,,,,,25,,,,19,,4,,
Sports,,,,1,3,,4,6,,,1,,1,,,,3,,8,,,5,,,1,,1,,7,,,8,,,,,7,6,,,,7,1,,,,,1,2,,,,,,8,,10,,,,,1,2,,,,,,,,,2,,,,2,,1,,7,,,,,5,,,4,,,,,,,,,4,9,3,,9,9,,,,,,,,,,10,,,,10,,5,,
Gold,,,,0,0,,0,3,,,0,,0,,,,0,,0,,,0,,,0,,0,,0,,,9,,,,,1,0,,,,1,0,,,,,0,0,,,,,,0,,0,,,,,0,2,,,,,,,,,0,,,,1,,0,,1,,,,,0,,,0,,,,,,,,,0,10,0,,3,1,,,,,,,,,,6,,,,0,,0,,
Silver,,,,0,0,,0,2,,,0,,0,,,,0,,1,,,0,,,0,,0,,0,,,7,,,,,5,0,,,,0,0,,,,,1,0,,,,,,2,,1,,,,,0,2,,,,,,,,,0,,,,2,,0,,3,,,,,0,,,0,,,,,,,,,0,6,0,,0,1,,,,,,,,,,4,,,,2,,0,,
Bronze,,,,0,0,,0,2,,,0,,0,,,,1,,1,,,0,,,0,,0,,1,,,7,,,,,3,1,,,,0,0,,,,,0,0,,,,,,0,,0,,,,,0,0,,,,,,,,,0,,,,1,,0,,6,,,,,0,,,0,,,,,,,,,0,6,0,,1,3,,,,,,,,,,2,,,,3,,0,,
Total M,,,,0,0,,0,7,,,0,,0,,,,1,,2,,,0,,,0,,0,,1,,,23,,,,,9,1,,,,1,0,,,,,1,0,,,,,,2,,1,,,,,0,4,,,,,,,,,0,,,,4,,0,,10,,,,,0,,,0,,,,,,,,,0,22,0,,4,5,,,,,,,,,,12,,,,5,,0,,23
Distance,,,,3657.6002106435,5448.4109842152,,10528.8393030429,3980.6761668307,,,3494.3322532579,,4274.669905171,,,,4615.9625258029,,1392.7556859793,,,6962.2667166736,,,2444.7573819903,,5305.9730715554,,3976.1920474917,,,3684.6442041517,,,,,3804.3219613918,3559.4045317404,,,,3178.1350972278,4671.9313956072,,,,,4253.6011265834,2535.289275105,,,,,,4130.3537253055,,6542.3737960632,,,,,5476.2163662168,3834.1003609945,,,,,,,,,6201.8711211313,,,,3514.1042224806,,9080.2616013526,,3410.2036843911,,,,,4057.7678655673,,,4484.9368156395,,,,,,,,,6665.6179758781,4466.4379111427,3488.9809158513,,3560.6156836605,3777.319997053,,,,,,,,,,1269.3777399145,,,,3684.6442041517,,4360.6255147865,,
1984,,,,2,18,,10,65,,,4,,3,,,1,16,,67,,4,37,12,,3,,5,,50,,,56,1,,,,45,32,,,,50,6,,,,,9,5,,,,,,74,,39,,,,,4,10,,,,,,1,,1,4,,4,,13,,6,6,58,,,,,30,,1,19,,3,1,,,,,,15,99,12,,60,42,,,,,,,7,,,107,,,,84,,72,,
Men,,,,2,13,,8,58,,,2,,3,,,1,15,,47,,4,21,10,,3,,4,,38,,,40,1,,,,40,22,,,,37,6,,,,,7,4,,,,,,59,,32,,,,,4,7,,,,,,1,,1,4,,4,,9,,4,0,50,,,,,24,,1,16,,3,1,,,,,,11,74,10,,51,29,,,,,,,7,,,77,,,,69,,59,,
Women,,,,0,5,,2,7,,,2,,0,,,0,1,,20,,0,16,2,,0,,1,,12,,,16,0,,,,5,10,,,,13,0,,,,,2,1,,,,,,15,,7,,,,,0,3,,,,,,0,,0,0,,0,,4,,2,6,8,,,,,6,,0,3,,0,0,,,,,,4,25,2,,9,13,,,,,,,0,,,30,,,,15,,13,,
Sports,,,,1,3,,5,9,,,2,,1,,,1,5,,8,,1,5,5,,3,,1,,8,,,8,1,,,,6,7,,,,7,2,,,,,4,2,,,,,,9,,9,,,,,1,0,,,,,,1,,1,1,,1,,2,,1,1,8,,,,,6,,1,6,,2,1,,,,,,5,10,4,,8,8,,,,,,,2,,,10,,,,10,,10,,
Gold,,,,0,0,,0,0,,,0,,0,,,0,0,,2,,0,0,0,,0,,0,,0,,,9,0,,,,4,0,,,,1,0,,,,,0,0,,,,,,2,,0,,,,,0,0,,,,,,0,,0,0,,0,,0,,0,0,3,,,,,0,,0,0,,0,0,,,,,,0,6,0,,4,2,,,,,,,0,,,4,,,,2,,0,,
Silver,,,,0,0,,0,0,,,0,,0,,,0,0,,1,,0,0,0,,0,,0,,2,,,9,0,,,,3,1,,,,0,0,,,,,0,0,,,,,,0,,1,,,,,0,0,,,,,,0,,0,0,,0,,0,,0,0,2,,,,,0,,0,0,,0,0,,,,,,0,10,0,,2,2,,,,,,,0,,,4,,,,1,,1,,
Bronze,,,,0,0,,0,1,,,0,,0,,,0,0,,1,,0,0,0,,0,,0,,4,,,6,0,,,,6,2,,,,0,0,,,,,0,0,,,,,,0,,0,,,,,0,2,,,,,,0,,0,0,,0,,0,,0,0,4,,,,,0,,0,0,,0,0,,,,,,0,9,0,,2,1,,,,,,,0,,,0,,,,1,,0,,
Total M,,,,0,0,,0,1,,,0,,0,,,0,0,,4,,0,0,0,,0,,0,,6,,,24,0,,,,13,3,,,,1,0,,,,,0,0,,,,,,2,,1,,,,,0,2,,,,,,0,,0,0,,0,,0,,0,0,9,,,,,0,,0,0,,0,0,,,,,,0,25,0,,8,5,,,,,,,0,,,8,,,,4,,1,,25
Distance,,,,848.4524660404,7461.4541804516,,8684.5708713187,342.0913233529,,,825.6732920411,,6709.3583908791,,,4994.8404825432,338.5858018868,,4342.0635462565,,7593.3488049491,4452.8258099674,5699.6758195622,,6347.4684934644,,990.2675426636,,429.7713922002,,,659.277422587,1333.5972793908,,,,1425.1315909527,812.8178365804,,,,1153.8792891403,384.588313289,,,,,232.051894811,2015.6320143971,,,,,,286.3516485559,,5751.0130835518,,,,,1164.2848442694,484.7590207149,,,,,,6478.8594877701,,546.4369337714,4020.2847321572,,1506.0771498197,,831.7275231819,,11190.0904436376,5144.4610230759,1299.8462461189,,,,,568.6755033868,,5104.6406687767,357.4724783942,,296.3273071309,2810.2308421838,,,,,,5310.7089645441,1182.3035342571,1176.3886800808,,1262.2836956332,547.170713988,,,,,,,923.5280268055,,,5492.4651051188,,,,659.277422587,,123.9598390276,,
1988,,,,4,15,,19,81,,,1,,6,,,,26,,113,,5,13,13,,2,,3,,59,1,,53,,,,1,53,68,,,,48,6,,,,,5,3,3,,,,,58,4,48,,,,,4,13,,1,,,,11,,3,3,,3,,11,2,9,6,64,,,,1,32,5,9,11,,5,,,,,,,22,101,12,,67,70,,,,,,,8,,,118,,,,90,,22,,
Men,,,,2,10,,17,66,,,0,,6,,,,24,,83,,5,6,11,,2,,2,,49,1,,36,,,,1,46,53,,,,34,5,,,,,3,2,2,,,,,42,4,37,,,,,4,11,,1,,,,10,,3,2,,3,,6,2,7,3,54,,,,1,28,5,8,5,,5,,,,,,,18,78,7,,54,56,,,,,,,8,,,86,,,,71,,16,,
Women,,,,2,5,,2,15,,,1,,0,,,,2,,30,,0,7,2,,0,,1,,10,0,,17,,,,0,7,15,,,,14,1,,,,,2,1,1,,,,,16,0,11,,,,,0,2,,0,,,,1,,0,1,,0,,5,0,2,3,10,,,,0,4,0,1,6,,0,,,,,,,4,23,5,,13,14,,,,,,,0,,,31,,,,19,,6,,
Sports,,,,1,4,,6,10,,,1,,1,,,,7,,11,,1,3,4,,2,,1,,9,1,,8,,,,1,7,9,,,,8,2,,,,,3,2,1,,,,,8,1,9,,,,,1,3,,1,,,,4,,2,1,,1,,1,2,3,2,8,,,,1,6,1,3,4,,2,,,,,,,5,10,4,,9,7,,,,,,,2,,,11,,,,10,,7,,
Gold,,,,0,0,,0,3,,,0,,0,,,,0,,0,,0,0,0,,0,,0,,0,0,,9,,,,0,4,1,,,,0,0,,,,,0,0,0,,,,,2,0,0,,,,,0,0,,0,,,,0,,0,0,,0,,3,0,0,0,0,,,,0,0,0,0,0,,0,,,,,,,0,11,0,,4,5,,,,,,,0,,,2,,,,2,,0,,
Silver,,,,0,0,,0,5,,,0,,0,,,,0,,2,,0,0,0,,0,,0,,1,0,,10,,,,0,1,0,,,,0,0,,,,,0,0,0,,,,,1,0,0,,,,,0,0,,0,,,,0,,0,0,,0,,2,0,0,0,3,,,,0,0,0,0,0,,0,,,,,,,0,9,0,,0,5,,,,,,,0,,,1,,,,4,,2,,
Bronze,,,,0,0,,0,2,,,0,,0,,,,0,,3,,0,0,0,,0,,0,,2,0,,6,,,,0,2,1,,,,0,0,,,,,0,0,0,,,,,2,0,1,,,,,0,1,,0,,,,0,,0,0,,0,,2,0,0,0,2,,,,0,0,0,0,0,,0,,,,,,,0,9,0,,2,5,,,,,,,0,,,3,,,,2,,1,,
Total M,,,,0,0,,0,10,,,0,,0,,,,0,,5,,0,0,0,,0,,0,,3,0,,25,,,,0,7,2,,,,0,0,,,,,0,0,0,,,,,5,0,1,,,,,0,1,,0,,,,0,,0,0,,0,,7,0,0,0,5,,,,0,0,0,0,0,,0,,,,,,,0,29,0,,6,15,,,,,,,0,,,6,,,,8,,3,,29
Distance,,,,4912.2443894755,6620.0657391716,,8630.6784465436,4960.63662298,,,4521.833059656,,5559.3289022823,,,,5492.7488762218,,963.1813088714,,6186.7359038484,6038.6584302966,6301.2015993829,,3309.2735586436,,6167.0031534765,,4869.5211887893,4382.7086585026,,4641.35350663,,,,6400.2858634289,4204.0885744184,4731.1645054988,,,,4191.9459755372,5675.1822884256,,,,,5136.5938364401,3277.5435343121,7486.0704125345,,,,,5213.1488526434,3020.6070916693,5012.8762085191,,,,,6296.2696507103,4873.8909706408,,4639.1494967278,,,,2044.2606097355,,5012.9172152387,5341.7982219952,,5270.2251096813,,4475.7470683736,3687.8612121518,7693.7093253749,5151.7020762011,4049.6087189761,,,,6886.4758233746,4832.3855565779,4761.4017457667,3438.0409070292,5304.624690452,,5147.1696612084,,,,,,,5306.8077419679,4884.0847404317,4870.254846083,,4144.9031963321,4842.9284233017,,,,,,,5942.9960288452,,,1227.5816201141,,,,4641.35350663,,5280.3115742874,,
1992,,4,,5,20,,22,58,,,5,1,5,,7,,30,,108,,5,32,8,,4,4,4,,74,6,,,,19,,,62,109,,111,,49,8,,,1,,24,5,2,,,4,,107,5,60,,,,23,4,7,6,1,,,,20,,5,4,,12,,19,2,6,20,80,,,,1,53,,6,23,,3,2,,,,27,,23,,17,1,73,74,,,,,,,8,,129,147,,,,,,25,,
Men,,3,,4,15,,15,45,,,4,1,5,,6,,22,,79,,5,12,8,,4,3,3,,55,4,,,,14,,,49,79,,75,,39,7,,,1,,13,4,2,,,4,,79,5,40,,,,19,4,6,3,1,,,,16,,5,4,,10,,9,2,5,9,61,,,,1,41,,6,14,,3,2,,,,20,,19,,13,1,56,57,,,,,,,8,,86,97,,,,,,22,,
Women,,1,,1,5,,7,13,,,1,0,0,,1,,8,,29,,0,20,0,,0,1,1,,19,2,,,,5,,,13,30,,36,,10,1,,,0,,11,1,0,,,0,,28,0,20,,,,4,0,1,3,0,,,,4,,0,0,,2,,10,0,1,11,19,,,,0,12,,0,9,,0,0,,,,7,,4,,4,0,17,17,,,,,,,0,,43,50,,,,,,3,,
Sports,,1,,1,5,,9,9,,,1,1,1,,1,,7,,11,,1,6,3,,1,3,1,,10,3,,,,4,,,8,12,,11,,9,3,,,1,,6,2,1,,,1,,11,1,11,,,,6,1,2,3,1,,,,4,,1,2,,2,,2,1,2,5,11,,,,1,9,,2,8,,2,1,,,,6,,6,,4,1,9,8,,,,,,,2,,12,12,,,,,,6,,
Gold,,0,,0,0,,0,6,,,0,0,0,,0,,0,,2,,0,0,0,,0,0,0,,0,0,,,,0,,,3,3,,10,,0,0,,,0,,0,0,0,,,0,,4,0,1,,,,0,0,0,0,0,,,,0,,0,0,,0,,1,0,0,0,9,,,,0,0,,0,0,,0,0,,,,0,,2,,0,0,1,1,,,,,,,0,,9,5,,,,,,0,,
Silver,,0,,0,0,,0,7,,,0,0,0,,0,,0,,3,,0,3,0,,0,0,0,,0,0,,,,0,,,1,5,,10,,0,0,,,0,,0,0,0,,,0,,6,0,2,,,,0,0,0,0,2,,,,0,,0,0,,0,,1,0,1,0,6,,,,0,0,,0,0,,0,0,,,,0,,1,,0,0,0,0,,,,,,,0,,6,4,,,,,,0,,
Bronze,,0,,0,0,,0,8,,,0,0,0,,0,,0,,2,,0,0,0,,0,0,0,,3,0,,,,0,,,3,1,,6,,0,0,,,0,,0,0,0,,,0,,4,0,4,,,,0,0,0,0,0,,,,0,,0,0,,0,,2,0,0,1,5,,,,0,0,,0,0,,0,0,,,,0,,1,,1,0,3,2,,,,,,,0,,8,2,,,,,,0,,
Total M,,0,,0,0,,0,21,,,0,0,0,,0,,0,,7,,0,3,0,,0,0,0,,3,0,,,,0,,,7,9,,26,,0,0,,,0,,0,0,0,,,0,,14,0,7,,,,0,0,0,0,2,,,,0,,0,0,,0,,4,0,1,1,20,,,,0,0,,0,0,,0,0,,,,0,,4,,1,0,4,3,,,,,,,0,,23,11,,,,,,0,,26
Distance,,1236.065799151,,323.742843576,7042.4631447065,,9271.3030151289,349.3757302083,,,373.0681671024,3802.9394444224,6205.9621650426,,5403.2110715938,,936.1763913187,,3912.5708611121,,7123.4368746365,4912.0879823952,6148.7756719726,,5747.4264410354,443.0468022732,1574.0255619322,,508.1110538936,730.5822510604,,,,1229.3851146621,,,1474.1885659241,212.7464826247,,386.9525118775,,685.3567010174,919.1271142867,,,5621.135587192,,654.9912638269,1622.1603323784,4316.537786056,,,820.0716433542,,374.4225886217,5037.3150176909,6042.973473713,,,,1114.9570057492,1751.9725101412,181.64351885,1043.3402041191,281.7941895993,,,,5918.2532048574,,143.1650948165,4408.528617678,,1124.5469982494,,472.6047071806,4902.9742412316,11742.8938781028,5475.4494868094,1137.590766002,,,,6751.5145680569,755.9646195522,,4508.4167050703,894.4039446419,,323.8911132331,2492.0322805407,,,,414.9287963621,,5656.5294458032,,656.0776151345,5233.3093283346,1179.4122588528,119.3674178673,,,,,,,1523.5675717052,,1343.3361872322,4961.295817772,,,,,,686.4143129798,,
1994,,,2,6,10,2,25,80,,33,5,1,,10,1,,17,,95,,3,24,2,,,3,1,63,,4,,,,26,,1,61,98,5,112,,32,9,,,,,16,5,,,,,1,104,4,59,24,,1,27,,10,6,1,,,,1,2,5,1,,,,21,,7,,88,,,,,28,1,5,23,113,3,1,,,42,22,2,21,,13,,84,59,,,,,,2,1,37,,147,,7,,,,,,
Men,,,2,4,4,2,18,65,,21,2,1,,8,1,,10,,66,,3,7,2,,,3,0,47,,4,,,,17,,1,47,68,5,79,,25,7,,,,,5,4,,,,,1,78,4,43,19,,0,20,,9,3,1,,,,1,1,5,1,,,,13,,5,,67,,,,,15,1,5,13,75,3,1,,,34,17,1,11,,8,,64,41,,,,,,2,1,20,,95,,3,,,,,,
Women,,,0,2,6,0,7,15,,12,3,0,,2,0,,7,,29,,0,17,0,,,0,1,16,,0,,,,9,,0,14,30,0,33,,7,2,,,,,11,1,,,,,0,26,0,16,10,,1,7,,1,3,0,,,,0,1,0,0,,,,8,,2,,21,,,,,13,0,0,10,38,0,0,,,8,5,1,10,,5,,20,18,,,,,,0,0,17,,52,,4,,,,,,
Sports,,,1,1,2,1,9,10,,7,2,1,,4,1,,7,,10,,1,5,1,,,2,1,7,,3,,,,6,,1,8,10,3,11,,8,5,,,,,5,2,,,,,1,11,1,11,8,,1,6,,3,3,1,,,,1,1,2,1,,,,4,,2,,10,,,,,8,1,1,7,12,2,1,,,7,3,2,5,,4,,10,10,,,,,,1,1,10,,12,,2,,,,,,
Gold,,,0,0,0,0,0,2,,0,0,0,,0,0,,0,,3,,0,0,0,,,0,0,0,,0,,,,0,,0,0,0,0,9,,0,0,,,,,0,0,,,,,0,7,0,1,1,,0,0,,0,0,0,,,,0,0,0,0,,,,0,,0,,10,,,,,0,0,0,0,11,0,0,,,0,0,0,4,,0,,2,3,,,,,,0,0,1,,6,,1,,,,,,
Silver,,,0,0,0,0,0,3,,2,0,0,,0,0,,0,,6,,0,1,0,,,0,0,0,,0,,,,0,,0,1,1,0,7,,0,0,,,,,0,0,,,,,0,5,0,2,2,,0,0,,0,0,0,,,,0,0,0,0,,,,1,,0,,11,,,,,0,0,0,0,8,0,0,,,0,0,0,1,,0,,1,4,,,,,,0,0,0,,5,,0,,,,,,
Bronze,,,0,0,0,0,0,4,,0,0,0,,0,0,,0,,4,,0,2,0,,,0,0,0,,0,,,,0,,0,5,4,0,8,,2,0,,,,,0,0,,,,,0,8,0,2,0,,0,0,,0,0,0,,,,0,0,0,0,,,,3,,0,,5,,,,,0,0,0,0,4,0,0,,,0,3,0,1,,0,,0,2,,,,,,0,0,1,,2,,0,,,,,,
Total M,,,0,0,0,0,0,9,,2,0,0,,0,0,,0,,13,,0,3,0,,,0,0,0,,0,,,,0,,0,6,5,0,24,,2,0,,,,,0,0,,,,,0,20,0,5,3,,0,0,,0,0,0,,,,0,0,0,0,,,,4,,0,,26,,,,,0,0,0,0,23,0,0,,,0,3,0,6,,0,,3,9,,,,,,0,0,2,,13,,1,,,,,,26
Distance,,,9208.6036066417,1339.2937088185,7775.6358855533,2062.5145750789,8917.1750718486,960.7397088293,,862.2854397201,753.1906395023,3806.5012628,,1224.2641338949,6041.1415521459,,1390.6376491208,,3182.8757616373,,7746.9423171641,4280.273457465,5450.0453391855,,,1122.586855831,2062.1640843791,810.8413576677,,354.9902691673,,,,555.3766368523,,9367.4390159707,532.3823364484,1099.6560516781,1904.1447769425,702.4475455997,,672.7288329665,1608.1413025839,,,,,1048.5812247867,920.6998326283,,,,,2324.3535527881,1268.8118675492,5053.2398565284,5111.924079562,2385.6011162047,,2974.6957321312,589.4041044772,,965.9810702254,602.3379493063,803.8920270538,,,,5534.9216854827,1224.3837898707,1209.1325318923,3657.0018519374,,,,621.9747317631,,10889.9267776237,4602.8003071464,61.8069957831,,,,,727.1667722795,1688.8788103918,4686.8535396129,1198.7471337477,2801.0252119497,1203.1399377501,3479.3384673615,,,931.9361533487,1062.0188653952,6277.5907339107,4799.0019351286,,1584.0774233533,,161.8939374451,981.6448495938,,,,,,4940.0196006524,1854.7054665501,1186.1685540347,,4482.481198509,,2608.2236200243,,,,,,
1998,,,,3,2,7,23,96,4,59,1,1,,8,1,,19,,144,,3,57,7,,,6,1,61,,12,,,,20,,,85,106,4,125,,34,13,1,6,,,17,7,1,,1,6,3,113,6,156,60,1,1,29,,8,7,1,3,,,,2,4,3,,,,22,,8,8,76,,,,,39,2,6,16,122,,,,2,37,34,2,37,,12,,99,69,,,,,,2,1,56,,186,1,4,,,1,,,
Men,,,,2,1,4,15,73,2,44,1,1,,7,1,,8,,81,,3,15,6,,,4,1,48,,5,,,,15,,,51,75,3,78,,27,10,1,5,,,8,4,1,,1,6,2,79,6,92,45,1,1,21,,5,5,1,2,,,,1,4,3,,,,10,,4,2,49,,,,,24,1,6,12,79,,,,1,29,21,1,26,,7,,53,50,,,,,,2,1,30,,105,1,2,,,0,,,
Women,,,,1,1,3,8,23,2,15,0,0,,1,0,,11,,63,,0,42,1,,,2,0,13,,7,,,,5,,,34,31,1,47,,7,3,0,1,,,9,3,0,,0,0,1,34,0,64,15,0,0,8,,3,2,0,1,,,,1,0,0,,,,12,,4,6,27,,,,,15,1,0,4,43,,,,1,8,13,1,11,,5,,46,19,,,,,,0,0,26,,81,0,2,,,1,,,
Sports,,,,1,2,4,8,12,1,9,1,1,,3,1,,6,,12,,1,7,3,,,3,1,9,,6,,,,5,,,10,12,2,14,,7,6,1,2,,,6,1,1,,1,2,1,13,1,14,8,1,1,6,,2,4,1,2,,,,1,1,2,,,,3,,6,2,10,,,,,10,2,2,6,12,,,,1,7,8,2,8,,4,,10,12,,,,,,1,1,10,,14,1,3,,,1,,,
Gold,,,,0,0,0,0,3,0,0,0,0,,0,0,,1,,6,,0,0,0,,,0,0,1,,0,,,,0,,,2,2,0,12,,0,0,0,0,,,0,0,0,,0,0,0,2,0,5,0,0,0,0,,0,0,0,0,,,,0,0,0,,,,5,,0,0,10,,,,,0,0,0,0,9,,,,0,0,0,0,3,,0,,0,2,,,,,,0,0,0,,6,0,0,,,0,,,
Silver,,,,0,0,0,0,5,0,0,0,0,,0,0,,0,,5,,0,6,0,,,0,0,1,,1,,,,0,,,4,1,0,9,,0,0,0,0,,,0,0,0,,0,0,0,6,0,1,0,0,0,0,,0,0,0,0,,,,0,0,0,,,,4,,0,0,10,,,,,0,0,0,0,6,,,,0,0,0,0,1,,0,,2,2,,,,,,0,0,1,,3,0,0,,,0,,,
Bronze,,,,0,0,0,0,9,0,2,0,0,,0,0,,0,,4,,0,2,0,,,0,0,1,,0,,,,0,,,6,5,0,8,,1,0,0,0,,,0,0,0,,0,0,0,2,0,4,2,0,0,0,,0,0,0,0,,,,0,0,0,,,,2,,0,0,5,,,,,0,0,0,0,3,,,,0,0,0,0,2,,0,,1,3,,,,,,0,0,0,,4,0,0,,,0,,,
Total M,,,,0,0,0,0,17,0,2,0,0,,0,0,,1,,15,,0,8,0,,,0,0,3,,1,,,,0,,,12,8,0,29,,1,0,0,0,,,0,0,0,,0,0,0,10,0,10,2,0,0,0,,0,0,0,0,,,,0,0,0,,,,11,,0,0,25,,,,,0,0,0,0,18,,,,0,0,0,0,6,,0,,3,7,,,,,,0,0,1,,13,0,0,,,0,,,29
Distance,,,,6327.4413970923,11182.1988371929,4808.0810587148,4412.0441249566,5713.6247787674,4676.9003579425,4973.806850779,5787.7695405858,7450.9152704329,,5728.3981191562,10426.3515542502,,5521.5436380527,,5113.0457007274,,10704.1622032553,1854.4146336868,1367.4729628746,,,5754.9012791708,5544.9298732526,5523.4348794758,,5354.3571409485,,,,4782.6710605665,,,4576.8504400631,6114.9797578163,4803.1598298596,5646.9546473927,,5743.7119873884,5823.8322822245,1652.8635136793,7653.5365626489,,,5513.4364880713,5300.5170486819,3831.3442817213,,4706.4124693806,5923.3686968662,5614.2338880625,5963.5051526258,7992.0467775921,44.9564371785,3545.3767790188,6744.0682750953,3341.9737448925,4896.6652314758,,5837.7780192561,4969.8959370125,5791.8606605309,5688.9594175727,,,,5194.1989034014,6088.237845858,1824.6567297767,,,,5650.4637436315,,5826.600187239,649.133541465,5040.107914261,,,,,5274.7108276782,6757.9289527142,8321.6063425584,5384.7954247465,2328.4676477195,,,,5602.2058451816,5449.9215039666,5728.9958131667,8657.1820567779,591.4946720283,,6626.9487566157,,4928.9850027921,5891.7262302238,,,,,,8922.2314566138,5289.3133788699,5000.0958134775,,6196.9118931828,11601.5334440487,3884.0984293525,,,8357.5261730994,,,
2002,,,,3,11,9,25,90,4,64,6,1,,2,10,,23,1,150,,6,66,6,,1,13,1,76,,11,,,,17,,1,98,114,4,157,,49,10,,,,2,25,6,1,,2,6,5,109,2,103,50,1,2,47,2,8,8,,2,,,3,5,5,4,,,1,27,,10,,77,,,,,27,,,21,151,1,,,6,49,40,1,46,,7,,102,110,1,1,,,,3,3,68,,202,,6,,,4,,,
Men,,,,2,8,5,13,71,3,44,6,1,,2,8,,13,1,85,,4,21,6,,1,8,1,57,,5,,,,14,,1,62,87,3,88,,31,6,,,,0,14,4,1,,2,5,2,63,2,59,20,1,2,42,1,7,5,,2,,,3,3,5,3,,,1,14,,7,,50,,,,,22,,,11,85,1,,,5,38,24,1,31,,4,,56,80,1,1,,,,3,2,46,,115,,3,,,3,,,
Women,,,,1,3,4,12,19,1,20,0,0,,0,2,,10,0,65,,2,45,0,,0,5,0,19,,6,,,,3,,0,36,27,1,69,,18,4,,,,2,11,2,0,,0,1,3,46,0,44,30,0,0,5,1,1,3,,0,,,0,2,0,1,,,0,13,,3,,27,,,,,5,,,10,66,0,,,1,11,16,0,15,,3,,46,30,0,0,,,,0,1,22,,87,,3,,,1,,,
Sports,,,,1,5,4,5,12,2,9,3,1,,1,4,,7,1,13,,2,7,2,,1,5,1,13,,2,,,,5,,1,11,15,3,14,,11,5,,,,1,7,1,1,,2,4,2,12,1,14,7,1,2,8,1,2,3,,2,,,2,3,1,2,,,1,4,,5,,11,,,,,9,,,8,15,1,,,2,10,8,1,9,,3,,11,13,1,1,,,,1,2,11,,15,,2,,,1,,,
Gold,,,,0,0,0,2,3,0,0,0,0,,0,0,,0,0,7,,0,2,0,,0,3,0,1,,0,,,,1,,0,4,4,0,12,,1,0,,,,0,0,0,0,,0,0,0,4,0,0,0,0,0,0,0,0,0,,0,,,0,0,0,0,,,0,3,,0,,13,,,,,,,,0,5,0,,,0,0,0,0,2,,0,,0,3,0,0,,,,0,0,0,,10,,0,,,0,,,
Silver,,,,0,0,0,0,4,0,0,0,0,,0,0,,1,0,3,,0,2,0,,0,1,0,2,,0,,,,1,,0,2,5,0,16,,0,0,,,,0,0,0,0,,0,0,0,4,0,1,0,0,0,0,0,0,0,,0,,,0,0,0,0,,,0,5,,0,,5,,,,,1,,,0,4,0,,,0,0,0,0,2,,0,,2,2,0,0,,,,0,0,0,,13,,0,,,0,,,
Bronze,,,,0,0,0,0,10,0,1,0,0,,0,0,,2,0,7,,0,4,0,,0,0,0,0,,0,,,,1,,0,1,2,0,8,,1,0,,,,0,0,0,0,,0,0,0,5,0,1,0,0,0,0,0,0,0,,0,,,0,0,0,0,,,0,0,,0,,7,,,,,1,,,0,4,0,,,0,0,1,0,0,,0,,5,6,0,0,,,,0,0,0,,11,,0,,,0,,,
Total M,,,,0,0,0,0,17,0,1,0,0,,0,0,,3,0,17,,0,8,0,,0,4,0,3,,0,,,,3,,0,7,11,0,36,,2,0,,,,0,0,0,0,,0,0,0,13,0,2,0,0,0,0,0,0,0,,0,,,0,0,0,0,,,0,8,,0,,25,,,,,2,,,0,13,0,,,0,0,1,0,4,,0,,7,11,0,0,,,,0,0,0,,34,,0,,,0,,,36
Distance,,,,5349.6832569879,5999.2839453049,6675.0454380997,8686.6204124446,5489.315542952,6679.3701799054,5534.5560024349,5026.5552594048,2648.9983781125,,5809.1899294743,5038.8723580194,,6060.4825825176,7645.8741716522,1514.7809925492,,5546.7209969282,6706.1895494385,6854.1764621024,,2723.4630196774,5671.0573513152,6751.1025548666,5420.2138124085,,4942.5434766439,,,,5138.6018858633,,6192.0881797806,4846.2898589755,5194.4804228272,6519.406920496,5169.5163947047,,4692.2772733743,6211.2838556895,,,,7179.7229140229,5695.6665794954,3819.9473488074,8205.388735962,,7322.578157852,4540.2294558078,7013.0118791268,5715.9362615997,2560.9359072768,5533.6419957584,6308.335699158,8992.4907209237,6775.7785350048,5236.3174044109,6892.7969190427,5382.9793214142,5274.0184513498,,6047.2105909316,,,1355.1223842817,5918.4421496332,5490.896811292,6029.2214309061,,,7583.0152226241,4998.5394156411,,7312.139296029,,4641.4778159023,,,,,5412.1998870598,,,5883.1873505356,5246.9209696304,5652.6214901615,,,5832.8249010345,5587.9036347924,5610.662449006,9843.5397711973,5885.9874147254,,5256.2852065387,,4750.9251618088,5343.3938700378,6927.5324553691,8081.4447810277,,,,3704.0175397068,6548.3177155071,5860.3673355976,,816.6681678194,,6786.3637745491,,,3176.5785932,,,
2006,1,2,,3,9,5,40,73,2,28,4,1,,6,9,,21,,191,,9,73,1,,1,23,1,83,,4,,,,26,1,,90,82,3,155,,39,5,,,,1,19,5,4,,2,4,5,179,,110,55,1,1,57,3,5,7,1,3,1,,,6,4,2,,,1,33,,15,6,67,,,,,45,1,,25,174,1,1,,6,58,36,3,40,,16,,106,125,1,1,,,,,6,52,,204,,4,,,1,,,
Men,1,1,,3,5,4,23,55,1,14,4,1,,3,6,,11,,108,,5,35,1,,1,16,1,63,,0,,,,17,1,,59,50,2,94,,23,3,,,,0,11,4,3,,2,3,3,106,,58,43,1,1,49,2,3,4,0,2,1,,,3,3,1,,,1,16,,10,2,46,,,,,29,1,,16,100,1,1,,3,45,23,3,26,,7,,63,77,1,1,,,,,3,30,,117,,2,,,1,,,
Women,0,1,,0,4,1,17,18,1,14,0,0,,3,3,,10,,83,,4,38,0,,0,7,0,20,,4,,,,9,0,,31,32,1,61,,16,2,,,,1,8,1,1,,0,1,2,73,,52,12,0,0,8,1,2,3,1,1,0,,,3,1,1,,,0,17,,5,4,21,,,,,16,0,,9,74,0,0,,3,13,13,0,14,,9,,43,48,0,0,,,,,3,22,,87,,2,,,0,,,
Sports,1,2,,2,5,3,10,12,1,7,3,1,,3,4,,8,,15,,2,9,1,,1,6,1,13,,1,,,,6,1,,11,10,2,15,,9,3,,,,1,6,1,3,,2,3,2,15,,14,7,1,1,8,2,2,4,1,2,1,,,3,2,1,,,1,4,,5,2,10,,,,,11,1,,8,15,1,1,,4,9,9,3,9,,5,,9,13,1,1,,,,,3,9,,15,,2,,,1,,,
Gold,0,0,,0,0,0,1,9,0,0,0,0,,0,0,,0,,7,,0,2,0,,0,1,0,1,,0,,,,3,0,,0,3,0,11,,0,0,,,,0,0,0,0,,0,0,0,5,,1,0,0,0,0,0,0,0,0,0,0,,,0,0,0,,,0,3,,0,0,2,,,,,0,0,,0,8,0,0,,0,0,0,0,6,,0,,7,5,0,0,,,,,0,0,,9,,0,,,0,,,
Silver,0,0,,0,0,0,0,7,0,1,0,0,,0,0,,1,,10,,0,4,0,,0,2,0,2,,0,,,,0,0,,6,2,0,12,,1,0,,,,0,0,0,0,,0,0,0,0,,0,0,0,0,0,0,0,0,0,0,0,,,0,0,0,,,0,2,,0,0,8,,,,,1,0,,0,6,0,0,,0,1,0,0,3,,0,,2,4,0,0,,,,,0,0,,9,,0,,,0,,,
Bronze,0,0,,0,0,0,1,7,0,0,0,0,,0,0,,0,,7,,0,5,0,,0,0,0,1,,0,,,,0,0,,3,4,0,6,,0,0,,,,0,0,0,0,,0,0,0,6,,0,0,0,0,1,0,0,0,0,0,0,,,0,0,0,,,0,4,,0,0,9,,,,,1,0,,0,8,0,0,,0,0,0,0,2,,0,,5,5,0,0,,,,,0,2,,7,,0,,,0,,,
Total M,0,0,,0,0,0,2,23,0,1,0,0,,0,0,,1,,24,,0,11,0,,0,3,0,4,,0,,,,3,0,,9,9,0,29,,1,0,,,,0,0,0,0,,0,0,0,11,,1,0,0,0,1,0,0,0,0,0,0,,,0,0,0,,,0,9,,0,0,19,,,,,2,0,,0,22,0,0,,0,1,0,0,11,,0,,14,14,0,0,,,,,0,2,,25,,0,,,0,,,29
Distance,707.8915735748,1275.0440829521,,389.5982317141,7109.0286152666,1912.4068785147,9206.4053383343,280.9983849672,2017.7618560106,1024.2552250545,370.5219049268,3858.2728118533,,522.6708030688,5471.4530064469,,876.5808430865,,3927.5002517463,,7191.4720934796,4844.2333009165,6081.3481754521,,5806.119334572,382.1043598775,1524.0164411264,441.7801831958,,693.8540284145,,,,1171.8060196802,3186.8149387628,,1424.4243947695,273.549042856,1785.9268760816,346.1892434384,,696.0696678407,875.0527231999,,,,5862.3345057943,587.8996088779,1626.29597446,4253.4320651909,,2578.5149068236,849.1452389851,1757.743317248,337.7243070201,,5983.1645579896,2770.5351069332,3615.6715481281,3289.4709586656,1054.778550047,1700.9942597524,115.5862363361,982.179184476,264.3478032772,768.1645163578,5187.3863420058,,,1011.9158379677,161.9809502246,4342.8916666585,,,4224.4686825579,453.3146965948,,11674.4657990084,5413.0359071104,1105.2886888747,,,,,690.6408474071,914.5101338099,,828.6775108772,3624.5461532581,280.2797431877,2550.7433289204,,624.5634655621,580.3132725339,350.2673473218,5289.2151839218,5593.3812711893,,723.679318423,,1138.9837814163,66.0798617878,3175.587022767,5587.4648325292,,,,,1465.3651963243,1147.0569110892,,4995.8041677643,,2784.0417726999,,,4486.698979231,,,
2010,1,1,,6,7,4,40,75,2,47,8,1,,5,5,,19,,201,1,3,86,1,1,,19,2,90,,17,,,,30,1,,91,104,6,149,1,52,7,,,,1,15,4,3,,4,6,3,109,1,91,37,,2,53,3,4,6,,3,,,1,7,3,2,1,1,1,32,,16,2,95,1,,3,,46,1,,28,175,1,1,10,,68,47,2,45,,18,,101,134,1,,,,,,5,45,,212,,3,,,,,,212
Men,1,1,,4,4,2,20,49,1,33,4,1,,2,2,,12,,113,1,2,30,1,0,,12,1,68,,9,,,,18,1,,58,67,3,93,1,28,4,,,,0,6,3,3,,3,3,2,69,1,48,21,,1,44,1,3,4,,2,,,1,5,2,1,1,1,1,15,,9,1,70,1,,2,,26,1,,14,94,1,1,6,,38,30,2,27,,10,,57,78,1,,,,,,2,24,,120,,1,,,,,,
Women,0,0,,2,3,2,20,26,1,14,4,0,,3,3,,7,,88,0,1,56,0,1,,7,1,22,,8,,,,12,0,,33,37,3,56,0,24,3,,,,1,9,1,0,,1,3,1,40,0,43,16,,1,9,2,1,2,,1,,,0,2,1,1,0,0,0,17,,7,1,25,0,,1,,20,0,,14,81,0,0,4,,30,17,0,18,,8,,44,56,0,,,,,,3,21,,92,,2,,,,,,
Sports,1,1,,3,3,2,11,13,1,6,4,1,,3,3,,6,,15,1,1,10,1,1,,4,1,13,,7,,,,4,1,,10,13,2,15,1,11,3,,,,1,5,1,3,,2,4,2,13,1,14,8,,2,9,1,2,3,,2,,,1,4,2,1,1,1,1,4,,8,2,11,1,,2,,11,1,,9,15,1,1,4,,8,10,2,12,,7,,9,14,1,,,,,,3,9,,15,,2,,,,,,
Gold,0,0,,0,0,0,2,4,0,1,0,0,,0,0,,0,,14,0,0,5,0,0,,0,0,2,,0,,,,0,0,,0,2,0,10,0,1,0,,,,0,0,0,0,,0,0,0,1,0,0,0,,0,0,0,0,0,,0,,,0,0,0,0,0,0,0,4,,0,0,9,0,,0,,1,0,,0,3,0,0,0,,1,0,0,6,,0,,5,6,0,,,,,,0,0,,9,,0,,,,,,
Silver,0,0,,0,0,0,1,6,0,1,0,0,,0,0,,0,,7,0,0,2,0,0,,2,0,0,,0,,,,1,0,,1,3,0,13,0,0,0,,,,0,0,0,0,,0,0,0,1,0,3,1,,0,2,0,0,0,,0,,,0,0,0,0,0,0,0,1,,0,0,8,0,,0,,3,0,,0,5,0,0,0,,1,2,0,6,,0,,2,0,0,,,,,,0,0,,15,,0,,,,,,
Bronze,0,0,,0,0,0,0,6,0,1,0,0,,0,0,,0,,5,0,0,4,0,0,,1,0,4,,0,,,,0,0,,4,6,0,7,0,0,0,,,,0,0,0,0,,0,0,0,3,0,2,0,,0,0,0,0,0,,0,,,0,0,0,0,0,0,0,3,,0,0,6,0,,0,,2,0,,0,7,0,0,0,,1,1,0,2,,0,,4,3,0,,,,,,0,0,,13,,0,,,,,,
Total M,0,0,,0,0,0,3,16,0,3,0,0,,0,0,,0,,26,0,0,11,0,0,,3,0,6,,0,,,,1,0,,5,11,0,30,0,1,0,,,,0,0,0,0,,0,0,0,5,0,5,1,,0,2,0,0,0,,0,,,0,0,0,0,0,0,0,8,,0,0,23,0,,0,,6,0,,0,15,0,0,0,,3,3,0,14,,0,,11,9,0,,,,,,0,0,,37,,0,,,,,,37
Distance,5813.0273754799,6158.2669175533,,5270.7681260022,6801.1667224192,6231.2055331775,8221.5036209356,5276.2050537826,6212.8069514587,5175.5792393079,4853.4083179709,3180.4543494359,,5582.1376880626,5792.4126972824,,5779.9086161665,,1332.1219048906,3118.1945570545,6346.8077734388,5914.9365033105,6061.0630953886,4320.7497338292,,5456.5998187184,6437.2664508335,5172.5905269073,,4683.7538394137,,,,4759.4704661955,8323.9648578934,,4437.7444222019,5080.4200333062,6083.1770193138,4959.5603871723,7134.9096685547,4528.1569783185,5981.3572682735,,,,6379.7472999402,5432.2535217469,3599.6090329768,7499.3182809231,,6821.6965957462,4424.4601451699,6697.066831971,5540.8885886965,3308.485885839,4747.9875950336,5688.0699500477,,6108.0637303122,4875.0360528921,6555.7780864789,5200.7203471612,4925.1316513814,,5799.763648081,,,2147.5688120172,5582.9718089861,5353.9247872592,5253.2553492627,5728.9772340664,5662.7183698195,6848.074542027,4798.1832119601,,7315.4757616119,4945.2938987043,4330.8178108157,6905.8670091271,,4989.9036454926,,5115.9877429659,5146.3864901363,,5585.4901460777,4514.817442706,5473.9918818741,6316.9119670578,5641.9886374754,,5317.4625471598,5394.2351437546,10221.0140872835,5086.4532406803,,5246.5443967279,,4413.7934933905,5174.3618599347,6282.3512521058,,,,,,6197.8831893242,5491.7407466718,,1508.7225254897,,6189.6776531815,,,,,,
2014,2,1,,7,7,4,56,123,4,25,13,1,,5,10,1,16,,222,1,5,66,2,,,10,2,83,,12,2,,,23,,,110,105,4,169,,62,6,,,,1,14,5,,3,5,5,5,109,2,137,44,,1,56,2,8,9,2,3,,1,1,5,5,2,2,2,1,41,,19,,134,1,1,3,1,63,2,,19,216,2,,10,,63,75,1,66,,20,,112,168,1,2,1,2,1,,6,41,,224,,3,1,,1,,1,224
Men,1,1,,3,4,3,,,2,,,1,,3,,1,,,,1,3,,2,,,,1,,,,1,,,,,,63,,2,,,,4,,,,1,,3,,3,3,4,4,,2,,,,1,,1,,4,2,2,,0,1,3,4,1,1,1,1,,,,,,1,0,2,1,,1,,,,1,,,,,,1,,,,,,,1,1,1,0,1,,,,,,,2,1,,0,,1,
Women,1,0,,4,3,1,,,2,,,0,,2,,0,,,,0,2,,0,,,,1,,,,1,,,,,,35,,2,,,,2,,,,0,,2,,0,2,1,1,,0,,,,0,,1,,5,0,1,,1,0,2,1,1,1,1,0,,,,,,0,1,1,0,,1,,,,1,,,,,,0,,,,,,,0,1,0,2,0,,,,,,,1,0,,1,,0,
Sports,1,1,,4,2,2,10,14,2,5,6,1,,2,5,1,6,,14,1,3,8,2,,,2,1,13,,3,1,,,6,,,10,12,3,15,,13,3,,,,1,4,2,,3,2,4,2,13,1,15,10,,1,9,1,2,5,2,2,,1,1,4,2,1,1,1,1,7,,6,,12,1,1,2,1,11,1,,7,15,1,,4,,9,11,1,13,,7,,9,12,1,1,1,2,1,,3,9,,15,,2,1,,1,,1,
Gold,,,,,,,,,,,,,,,,,,,,,,,,,,,,,,,,,,,,,,,,,,,,,,,,,,,,,,,,,,,,,,,,,,,,,,,,,,,,,,,,,,,,,,,,,,,,,,,,,,,,,,,,,,,,,,,,,,,,,,,,
Silver,,,,,,,,,,,,,,,,,,,,,,,,,,,,,,,,,,,,,,,,,,,,,,,,,,,,,,,,,,,,,,,,,,,,,,,,,,,,,,,,,,,,,,,,,,,,,,,,,,,,,,,,,,,,,,,,,,,,,,,,
Bronze,,,,,,,,,,,,,,,,,,,,,,,,,,,,,,,,,,,,,,,,,,,,,,,,,,,,,,,,,,,,,,,,,,,,,,,,,,,,,,,,,,,,,,,,,,,,,,,,,,,,,,,,,,,,,,,,,,,,,,,,
Total M,,,,,,,,,,,,,,,,,,,,,,,,,,,,,,,,,,,,,,,,,,,,,,,,,,,,,,,,,,,,,,,,,,,,,,,,,,,,,,,,,,,,,,,,,,,,,,,,,,,,,,,,,,,,,,,,,,,,,,,,
Distance,1021.6557957195,2298.4158129184,0,1910.5025413326,8425.0071539791,367.9453460519,7637.9245504266,1298.8937109835,452.5332589476,842.9343732322,1731.6991740557,5360.346998338,0,1081.1550655431,6932.4548970652,6023.7171921143,740.8413476735,0,4838.4134679454,6672.6041141162,8608.220258585,3452.5458366818,4696.6709147831,0,0,1197.2713780697,693.3705447308,1218.9675696265,0,1561.1062924897,6026.1839286925,0,0,1214.2252502025,0,0,1510.8603700548,1840.7131983548,220.8243504298,1515.7701826417,0,1997.2034201961,971.2056516103,0,0,0,4413.6898882947,984.8029990781,2625.0121174834,0,2694.5839652612,1077.8993663588,2243.2439229229,878.3416034477,1349.8528528364,6613.7308419958,4928.1547175597,1388.5315634271,0,1799.3646637258,1127.3894340037,705.8117048626,1477.1753243297,1103.1720671859,1632.8308258214,906.5159593549,0,1433.2623103951,7239.2688088087,571.6856582548,1606.1457913265,3115.1470369487,1054.0859577697,2536.8496064625,2668.2782156129,1667.771474241,0,10128.5524212287,0,1749.2428217014,1906.0274567684,7676.1968782262,7979.4670259162,5221.4590049255,1079.680740388,2451.2313305891,6127.8419236758,740.0601824502,2699.4695739864,1359.0244417548,3758.120078628,932.6363651825,0,1026.8177769031,1219.2122260593,5116.0038811631,4429.0957271859,0,2240.9413928878,0,1618.9247203553,1549.7467513992,1645.2098226686,4031.1765381541,6420.0349634622,3383.0916504892,9863.8619891735,0,400.5983740198,524.9654672053,0,6186.6299232618,0,1249.8606127248,6612.3007576549,0,6047.2758486008,3881.1737433615,4438.9128792068,
